{
  "purchase_order_settings? " : {
    "transaction" : "purchase_order_settings? ",
    "sampleCount" : 1,
    "errorCount" : 0,
    "errorPct" : 0.0,
    "meanResTime" : 268.0,
    "medianResTime" : 268.0,
    "minResTime" : 268.0,
    "maxResTime" : 268.0,
    "pct1ResTime" : 268.0,
    "pct2ResTime" : 268.0,
    "pct3ResTime" : 268.0,
    "throughput" : 3.7313432835820897,
    "receivedKBytesPerSec" : 3.6949043843283578,
    "sentKBytesPerSec" : 2.9151119402985075
  },
  "https://api.fishbowlonline.com/v1/auth/authenticate" : {
    "transaction" : "https://api.fishbowlonline.com/v1/auth/authenticate",
    "sampleCount" : 1,
    "errorCount" : 0,
    "errorPct" : 0.0,
    "meanResTime" : 1171.0,
    "medianResTime" : 1171.0,
    "minResTime" : 1171.0,
    "maxResTime" : 1171.0,
    "pct1ResTime" : 1171.0,
    "pct2ResTime" : 1171.0,
    "pct3ResTime" : 1171.0,
    "throughput" : 0.8539709649871904,
    "receivedKBytesPerSec" : 4.781903821520068,
    "sentKBytesPerSec" : 0.4795247117847993
  },
  "https://api.fishbowlonline.com/v1/purchase_orders?quickSearchValue=&quickSearchColumns=number,purchaseOrderStatus,vendor.name,buyer.firstName&expand=buyer,purchaseOrderItems&pageNumber=1&pageSize=25&orderBy=number&ascending=false" : {
    "transaction" : "https://api.fishbowlonline.com/v1/purchase_orders?quickSearchValue=&quickSearchColumns=number,purchaseOrderStatus,vendor.name,buyer.firstName&expand=buyer,purchaseOrderItems&pageNumber=1&pageSize=25&orderBy=number&ascending=false",
    "sampleCount" : 1,
    "errorCount" : 0,
    "errorPct" : 0.0,
    "meanResTime" : 1701.0,
    "medianResTime" : 1701.0,
    "minResTime" : 1701.0,
    "maxResTime" : 1701.0,
    "pct1ResTime" : 1701.0,
    "pct2ResTime" : 1701.0,
    "pct3ResTime" : 1701.0,
    "throughput" : 0.5878894767783657,
    "receivedKBytesPerSec" : 1081.1367853468548,
    "sentKBytesPerSec" : 0.5517204952968842
  },
  "https://api.fishbowlonline.com/v1/purchase_orders?expand=purchaseOrderItems.item.images,purchaseOrderItems.item.vendorItems,purchaseOrderItems.item.itemTrackingTypes,purchaseOrderItems.item.defaultUom.fromConversions,purchaseOrderItems.item.defaultUom.toConversions,vendor.currency" : {
    "transaction" : "https://api.fishbowlonline.com/v1/purchase_orders?expand=purchaseOrderItems.item.images,purchaseOrderItems.item.vendorItems,purchaseOrderItems.item.itemTrackingTypes,purchaseOrderItems.item.defaultUom.fromConversions,purchaseOrderItems.item.defaultUom.toConversions,vendor.currency",
    "sampleCount" : 1,
    "errorCount" : 0,
    "errorPct" : 0.0,
    "meanResTime" : 1878.0,
    "medianResTime" : 1878.0,
    "minResTime" : 1878.0,
    "maxResTime" : 1878.0,
    "pct1ResTime" : 1878.0,
    "pct2ResTime" : 1878.0,
    "pct3ResTime" : 1878.0,
    "throughput" : 0.5324813631522897,
    "receivedKBytesPerSec" : 55.63130241613419,
    "sentKBytesPerSec" : 5.170373236155485
  },
  "issue" : {
    "transaction" : "issue",
    "sampleCount" : 1,
    "errorCount" : 0,
    "errorPct" : 0.0,
    "meanResTime" : 1587.0,
    "medianResTime" : 1587.0,
    "minResTime" : 1587.0,
    "maxResTime" : 1587.0,
    "pct1ResTime" : 1587.0,
    "pct2ResTime" : 1587.0,
    "pct3ResTime" : 1587.0,
    "throughput" : 0.630119722747322,
    "receivedKBytesPerSec" : 65.85058778355388,
    "sentKBytesPerSec" : 0.6824245825456837
  },
  "https://api.fishbowlonline.com/v1/purchase_orders/37?expand=purchaseOrderItems.item.images,purchaseOrderItems.item.vendorItems,purchaseOrderItems.item.itemTrackingTypes,purchaseOrderItems.item.defaultUom.fromConversions,purchaseOrderItems.item.defaultUom.toConversions,vendor.currency" : {
    "transaction" : "https://api.fishbowlonline.com/v1/purchase_orders/37?expand=purchaseOrderItems.item.images,purchaseOrderItems.item.vendorItems,purchaseOrderItems.item.itemTrackingTypes,purchaseOrderItems.item.defaultUom.fromConversions,purchaseOrderItems.item.defaultUom.toConversions,vendor.currency",
    "sampleCount" : 1,
    "errorCount" : 0,
    "errorPct" : 0.0,
    "meanResTime" : 430.0,
    "medianResTime" : 430.0,
    "minResTime" : 430.0,
    "maxResTime" : 430.0,
    "pct1ResTime" : 430.0,
    "pct2ResTime" : 430.0,
    "pct3ResTime" : 430.0,
    "throughput" : 2.3255813953488373,
    "receivedKBytesPerSec" : 243.0209847383721,
    "sentKBytesPerSec" : 2.3119549418604652
  },
  "Total" : {
    "transaction" : "Total",
    "sampleCount" : 7,
    "errorCount" : 0,
    "errorPct" : 0.0,
    "meanResTime" : 1053.7142857142856,
    "medianResTime" : 1171.0,
    "minResTime" : 268.0,
    "maxResTime" : 1878.0,
    "pct1ResTime" : 1878.0,
    "pct2ResTime" : 1878.0,
    "pct3ResTime" : 1878.0,
    "throughput" : 0.9378349410503751,
    "receivedKBytesPerSec" : 289.3254810590836,
    "sentKBytesPerSec" : 1.9879274685155413
  },
  "login" : {
    "transaction" : "login",
    "sampleCount" : 1,
    "errorCount" : 0,
    "errorPct" : 0.0,
    "meanResTime" : 1171.0,
    "medianResTime" : 1171.0,
    "minResTime" : 1171.0,
    "maxResTime" : 1171.0,
    "pct1ResTime" : 1171.0,
    "pct2ResTime" : 1171.0,
    "pct3ResTime" : 1171.0,
    "throughput" : 0.8539709649871904,
    "receivedKBytesPerSec" : 4.781903821520068,
    "sentKBytesPerSec" : 0.4795247117847993
  },
  "next_po_number" : {
    "transaction" : "next_po_number",
    "sampleCount" : 1,
    "errorCount" : 0,
    "errorPct" : 0.0,
    "meanResTime" : 341.0,
    "medianResTime" : 341.0,
    "minResTime" : 341.0,
    "maxResTime" : 341.0,
    "pct1ResTime" : 341.0,
    "pct2ResTime" : 341.0,
    "pct3ResTime" : 341.0,
    "throughput" : 2.932551319648094,
    "receivedKBytesPerSec" : 1.29731030058651,
    "sentKBytesPerSec" : 2.256689882697947
  },
  "po" : {
    "transaction" : "po",
    "sampleCount" : 1,
    "errorCount" : 0,
    "errorPct" : 0.0,
    "meanResTime" : 6205.0,
    "medianResTime" : 6205.0,
    "minResTime" : 6205.0,
    "maxResTime" : 6205.0,
    "pct1ResTime" : 6205.0,
    "pct2ResTime" : 6205.0,
    "pct3ResTime" : 6205.0,
    "throughput" : 0.16116035455278002,
    "receivedKBytesPerSec" : 347.12744258662366,
    "sentKBytesPerSec" : 2.300784397663175
  }
}