timeStamp,elapsed,label,responseCode,responseMessage,threadName,dataType,success,failureMessage,bytes,sentBytes,grpThreads,allThreads,URL,Latency,IdleTime,Connect
1691592079022,1492,https://api.fishbowlonline.com/v1/auth/authenticate,200,,Thread Group 1-1,text,true,,5734,576,1,1,https://api.fishbowlonline.com/v1/auth/authenticate,1492,0,1092
1691592079021,1492,login,200,"Number of samples in transaction : 1, number of failing samples : 0",Thread Group 1-1,,true,,5734,576,1,1,null,1492,1,1092
1691592080515,3113,picks,200,,Thread Group 1-1,text,true,,1654935,1355,1,1,https://api.fishbowlonline.com/v1/picks?quickSearchValue=&expand=pickItems.salesOrderItem.saleItem%2CorderPriority%2CpickItems.salesOrderItem.salesOrder.customer%2CparentLocation%2CpickItems.purchaseOrderItem.purchaseOrder%2CpickBundleItems.pickItems.salesOrderItem.saleItem%2CorderPriority%2CpickBundleItems.pickItems.salesOrderItem.salesOrder.customer%2CparentLocation%2CpickBundleItems.pickItems.purchaseOrderItem.purchaseOrder&quickSearchColumns=number%2Cstatus%2CpickItems.salesOrderItem.salesOrder.customer%2CparentLocation.displayName%2CorderPriority.name&pageNumber=1&pageSize=25&orderBy=number&ascending=false&status=Open,357,0,0
1691592083638,2763,"https://api.fishbowlonline.com/v1/picks/379?expand=pickItems.salesOrderItem.saleItem.images,pickItems.pickFromLocation,pickItems.pickToLocation,pickItems.item.images,pickItems.workOrderItem,pickItems.item.itemTrackingTypes.trackingType,pickItems.salesOrderItem.saleItem,pickItems.item.tags,pickItems.salesOrderItem.salesOrder.representative,pickItems.salesOrderItem.salesOrder.customer,pickItems.salesOrderItem.salesOrder.paymentTerm,pickBundleItems.pickItems.salesOrderItem.saleItem.images,pickBundleItems.pickItems.pickFromLocation,pickBundleItems.pickItems.item.images,pickBundleItems.pickItems.item.defaultUom,pickBundleItems.pickItems.item.tags,pickBundleItems.pickItems.item.itemTrackingTypes.trackingType,pickBundleItems.pickItems.salesOrderItem.saleItem,pickBundleItems.pickItems.salesOrderItem.salesOrder.representative,pickBundleItems.pickItems.salesOrderItem.salesOrder.customer,pickBundleItems.pickItems.salesOrderItem.salesOrder.paymentTerm",200,,Thread Group 1-1,text,true,,423202,1718,1,1,https://api.fishbowlonline.com/v1/picks/561?expand=pickItems.salesOrderItem.saleItem.images%2CpickItems.pickFromLocation%2CpickItems.pickToLocation%2CpickItems.item.images%2CpickItems.workOrderItem%2CpickItems.item.itemTrackingTypes.trackingType%2CpickItems.salesOrderItem.saleItem%2CpickItems.item.tags%2CpickItems.salesOrderItem.salesOrder.representative%2CpickItems.salesOrderItem.salesOrder.customer%2CpickItems.salesOrderItem.salesOrder.paymentTerm%2CpickBundleItems.pickItems.salesOrderItem.saleItem.images%2CpickBundleItems.pickItems.pickFromLocation%2CpickBundleItems.pickItems.item.images%2CpickBundleItems.pickItems.item.defaultUom%2CpickBundleItems.pickItems.item.tags%2CpickBundleItems.pickItems.item.itemTrackingTypes.trackingType%2CpickBundleItems.pickItems.salesOrderItem.saleItem%2CpickBundleItems.pickItems.salesOrderItem.salesOrder.representative%2CpickBundleItems.pickItems.salesOrderItem.salesOrder.customer%2CpickBundleItems.pickItems.salesOrderItem.salesOrder.paymentTerm,2489,0,0
1691592086460,3044,start,200,,Thread Group 1-1,text,true,,423973,1809,1,1,https://api.fishbowlonline.com/v1/picks/561/start,2844,0,0
1691592089503,37170,"https://api.fishbowlonline.com/v1/picks/379/commit?expand=pickItems.salesOrderItem.saleItem.images,pickItems.pickFromLocation,pickItems.pickToLocation,pickItems.item.images,pickItems.workOrderItem,pickItems.item.itemTrackingTypes.trackingType,pickItems.salesOrderItem.saleItem,pickItems.item.tags,pickItems.salesOrderItem.salesOrder.representative,pickItems.salesOrderItem.salesOrder.customer,pickItems.salesOrderItem.salesOrder.paymentTerm,pickBundleItems.pickItems.salesOrderItem.saleItem.images,pickBundleItems.pickItems.pickFromLocation,pickBundleItems.pickItems.item.images,pickBundleItems.pickItems.item.defaultUom,pickBundleItems.pickItems.item.tags,pickBundleItems.pickItems.item.itemTrackingTypes.trackingType,pickBundleItems.pickItems.salesOrderItem.saleItem,pickBundleItems.pickItems.salesOrderItem.salesOrder.representative,pickBundleItems.pickItems.salesOrderItem.salesOrder.customer,pickBundleItems.pickItems.salesOrderItem.salesOrder.paymentTerm",200,,Thread Group 1-1,text,true,,424098,5311,1,1,"https://api.fishbowlonline.com/v1/picks/561/commit?expand=pickItems.salesOrderItem.saleItem.images,pickItems.pickFromLocation,pickItems.pickToLocation,pickItems.item.images,pickItems.workOrderItem,pickItems.item.itemTrackingTypes.trackingType,pickItems.salesOrderItem.saleItem,pickItems.item.tags,pickItems.salesOrderItem.salesOrder.representative,pickItems.salesOrderItem.salesOrder.customer,pickItems.salesOrderItem.salesOrder.paymentTerm,pickBundleItems.pickItems.salesOrderItem.saleItem.images,pickBundleItems.pickItems.pickFromLocation,pickBundleItems.pickItems.item.images,pickBundleItems.pickItems.item.defaultUom,pickBundleItems.pickItems.item.tags,pickBundleItems.pickItems.item.itemTrackingTypes.trackingType,pickBundleItems.pickItems.salesOrderItem.saleItem,pickBundleItems.pickItems.salesOrderItem.salesOrder.representative,pickBundleItems.pickItems.salesOrderItem.salesOrder.customer,pickBundleItems.pickItems.salesOrderItem.salesOrder.paymentTerm",36909,0,0
1691592126675,13215,"https://api.fishbowlonline.com/v1/picks/379/finish?expand=pickItems.salesOrderItem.saleItem.images,pickItems.pickFromLocation,pickItems.pickToLocation,pickItems.item.images,pickItems.workOrderItem,pickItems.item.itemTrackingTypes.trackingType,pickItems.salesOrderItem.saleItem,pickItems.item.tags,pickItems.salesOrderItem.salesOrder.representative,pickItems.salesOrderItem.salesOrder.customer,pickItems.salesOrderItem.salesOrder.paymentTerm,pickBundleItems.pickItems.salesOrderItem.saleItem.images,pickBundleItems.pickItems.pickFromLocation,pickBundleItems.pickItems.item.images,pickBundleItems.pickItems.item.defaultUom,pickBundleItems.pickItems.item.tags,pickBundleItems.pickItems.item.itemTrackingTypes.trackingType,pickBundleItems.pickItems.salesOrderItem.saleItem,pickBundleItems.pickItems.salesOrderItem.salesOrder.representative,pickBundleItems.pickItems.salesOrderItem.salesOrder.customer,pickBundleItems.pickItems.salesOrderItem.salesOrder.paymentTerm",200,,Thread Group 1-1,text,true,,424801,5311,1,1,"https://api.fishbowlonline.com/v1/picks/561/finish?expand=pickItems.salesOrderItem.saleItem.images,pickItems.pickFromLocation,pickItems.pickToLocation,pickItems.item.images,pickItems.workOrderItem,pickItems.item.itemTrackingTypes.trackingType,pickItems.salesOrderItem.saleItem,pickItems.item.tags,pickItems.salesOrderItem.salesOrder.representative,pickItems.salesOrderItem.salesOrder.customer,pickItems.salesOrderItem.salesOrder.paymentTerm,pickBundleItems.pickItems.salesOrderItem.saleItem.images,pickBundleItems.pickItems.pickFromLocation,pickBundleItems.pickItems.item.images,pickBundleItems.pickItems.item.defaultUom,pickBundleItems.pickItems.item.tags,pickBundleItems.pickItems.item.itemTrackingTypes.trackingType,pickBundleItems.pickItems.salesOrderItem.saleItem,pickBundleItems.pickItems.salesOrderItem.salesOrder.representative,pickBundleItems.pickItems.salesOrderItem.salesOrder.customer,pickBundleItems.pickItems.salesOrderItem.salesOrder.paymentTerm",12966,0,0
1691592080514,59305,pick,200,"Number of samples in transaction : 5, number of failing samples : 0",Thread Group 1-1,,true,,3351009,15504,1,1,null,55565,70,0
