timeStamp,elapsed,label,responseCode,responseMessage,threadName,dataType,success,failureMessage,bytes,sentBytes,grpThreads,allThreads,URL,Latency,IdleTime,Connect
1691666219640,908,https://api.fishbowlonline.com/v1/auth/authenticate,200,,Thread Group 1-1,text,true,,5734,576,1,1,https://api.fishbowlonline.com/v1/auth/authenticate,908,0,592
1691666219639,908,login,200,"Number of samples in transaction : 1, number of failing samples : 0",Thread Group 1-1,,true,,5734,576,1,1,null,908,2,592
1691666220550,208,sales_order_settings,200,,Thread Group 1-1,text,true,,1212,795,1,1,https://api.fishbowlonline.com/v1/sales_order_settings?expand=salesTax,208,0,0
1691666220758,1861,"https://api.fishbowlonline.com/v1/sales_orders?expand=salesOrderItems.saleItem.images,customer.customerAddresses.customerAddressContacts,salesTax,payments,exchangeCurrency,salesOrderItems.saleItem.item.itemTrackingTypes,salesOrderItems.saleItem.item.tags,salesOrderItems.saleItem.item.defaultUom.toConversions,salesOrderItems.saleItem.item.defaultUom.fromConversions,salesOrderItems.saleItem.defaultUom.fromConversions,salesOrderItems.saleItem.defaultUom.toConversions,salesOrderBundleItems.item.images,salesOrderBundleItems.salesOrderItems.saleItem.defaultUom,salesOrderBundleItems.salesOrderItems.saleItem.images",201,,Thread Group 1-1,text,true,,151404,10925,1,1,"https://api.fishbowlonline.com/v1/sales_orders?expand=salesOrderItems.saleItem.images,customer.customerAddresses.customerAddressContacts,salesTax,payments,exchangeCurrency,salesOrderItems.saleItem.item.itemTrackingTypes,salesOrderItems.saleItem.item.tags,salesOrderItems.saleItem.item.defaultUom.toConversions,salesOrderItems.saleItem.item.defaultUom.fromConversions,salesOrderItems.saleItem.defaultUom.fromConversions,salesOrderItems.saleItem.defaultUom.toConversions,salesOrderBundleItems.item.images,salesOrderBundleItems.salesOrderItems.saleItem.defaultUom,salesOrderBundleItems.salesOrderItems.saleItem.images",852,0,0
1691666222620,3751,"https://api.fishbowlonline.com/v1/sales_orders/347/issue?expand=salesOrderItems.saleItem.images,customer.customerAddresses.customerAddressContacts,salesTax,payments,exchangeCurrency,salesOrderItems.saleItem.item.itemTrackingTypes,salesOrderItems.saleItem.item.tags,salesOrderItems.saleItem.item.defaultUom.toConversions,salesOrderItems.saleItem.item.defaultUom.fromConversions,salesOrderItems.saleItem.defaultUom.fromConversions,salesOrderItems.saleItem.defaultUom.toConversions,salesOrderBundleItems.item.images,salesOrderBundleItems.salesOrderItems.saleItem.defaultUom,salesOrderBundleItems.salesOrderItems.saleItem.images",200,,Thread Group 1-1,text,true,,154436,1460,1,1,https://api.fishbowlonline.com/v1/sales_orders/626/issue,2916,0,0
1691666226371,2984,"https://api.fishbowlonline.com/v1/sales_orders/347?expand=salesOrderItems.saleItem.images,customer.customerAddresses.customerAddressContacts,salesTax,payments,exchangeCurrency,salesOrderItems.saleItem.item.itemTrackingTypes,salesOrderItems.saleItem.item.tags,salesOrderItems.saleItem.item.defaultUom.toConversions,salesOrderItems.saleItem.item.defaultUom.fromConversions,salesOrderItems.saleItem.defaultUom.fromConversions,salesOrderItems.saleItem.defaultUom.toConversions,salesOrderBundleItems.item.images,salesOrderBundleItems.salesOrderItems.saleItem.defaultUom,salesOrderBundleItems.salesOrderItems.saleItem.images",200,,Thread Group 1-1,text,true,,154244,1369,1,1,https://api.fishbowlonline.com/v1/sales_orders/626?expand=salesOrderItems.saleItem.images%2Ccustomer.customerAddresses.customerAddressContacts%2CsalesTax%2Cpayments%2CexchangeCurrency%2CsalesOrderItems.saleItem.item.itemTrackingTypes%2CsalesOrderItems.saleItem.item.tags%2CsalesOrderItems.saleItem.item.defaultUom.toConversions%2CsalesOrderItems.saleItem.item.defaultUom.fromConversions%2CsalesOrderItems.saleItem.defaultUom.fromConversions%2CsalesOrderItems.saleItem.defaultUom.toConversions%2CsalesOrderBundleItems.item.images%2CsalesOrderBundleItems.salesOrderItems.saleItem.defaultUom%2CsalesOrderBundleItems.salesOrderItems.saleItem.images,2315,0,0
1691666220549,8804,add_so,200,"Number of samples in transaction : 4, number of failing samples : 0",Thread Group 1-1,,true,,461296,14549,1,1,null,6291,2,0
