{
  "purchase_order_settings? " : {
    "transaction" : "purchase_order_settings? ",
    "sampleCount" : 1,
    "errorCount" : 0,
    "errorPct" : 0.0,
    "meanResTime" : 299.0,
    "medianResTime" : 299.0,
    "minResTime" : 299.0,
    "maxResTime" : 299.0,
    "pct1ResTime" : 299.0,
    "pct2ResTime" : 299.0,
    "pct3ResTime" : 299.0,
    "throughput" : 3.3444816053511706,
    "receivedKBytesPerSec" : 3.311820652173913,
    "sentKBytesPerSec" : 2.6128762541806023
  },
  "https://api.fishbowlonline.com/v1/auth/authenticate" : {
    "transaction" : "https://api.fishbowlonline.com/v1/auth/authenticate",
    "sampleCount" : 1,
    "errorCount" : 0,
    "errorPct" : 0.0,
    "meanResTime" : 1176.0,
    "medianResTime" : 1176.0,
    "minResTime" : 1176.0,
    "maxResTime" : 1176.0,
    "pct1ResTime" : 1176.0,
    "pct2ResTime" : 1176.0,
    "pct3ResTime" : 1176.0,
    "throughput" : 0.8503401360544217,
    "receivedKBytesPerSec" : 4.761572597789116,
    "sentKBytesPerSec" : 0.4774859162414966
  },
  "https://api.fishbowlonline.com/v1/purchase_orders?quickSearchValue=&quickSearchColumns=number,purchaseOrderStatus,vendor.name,buyer.firstName&expand=buyer,purchaseOrderItems&pageNumber=1&pageSize=25&orderBy=number&ascending=false" : {
    "transaction" : "https://api.fishbowlonline.com/v1/purchase_orders?quickSearchValue=&quickSearchColumns=number,purchaseOrderStatus,vendor.name,buyer.firstName&expand=buyer,purchaseOrderItems&pageNumber=1&pageSize=25&orderBy=number&ascending=false",
    "sampleCount" : 1,
    "errorCount" : 0,
    "errorPct" : 0.0,
    "meanResTime" : 4959.0,
    "medianResTime" : 4959.0,
    "minResTime" : 4959.0,
    "maxResTime" : 4959.0,
    "pct1ResTime" : 4959.0,
    "pct2ResTime" : 4959.0,
    "pct3ResTime" : 4959.0,
    "throughput" : 0.20165355918531963,
    "receivedKBytesPerSec" : 342.21258853851583,
    "sentKBytesPerSec" : 0.18924713904012908
  },
  "https://api.fishbowlonline.com/v1/purchase_orders?expand=purchaseOrderItems.item.images,purchaseOrderItems.item.vendorItems,purchaseOrderItems.item.itemTrackingTypes,purchaseOrderItems.item.defaultUom.fromConversions,purchaseOrderItems.item.defaultUom.toConversions,vendor.currency" : {
    "transaction" : "https://api.fishbowlonline.com/v1/purchase_orders?expand=purchaseOrderItems.item.images,purchaseOrderItems.item.vendorItems,purchaseOrderItems.item.itemTrackingTypes,purchaseOrderItems.item.defaultUom.fromConversions,purchaseOrderItems.item.defaultUom.toConversions,vendor.currency",
    "sampleCount" : 1,
    "errorCount" : 0,
    "errorPct" : 0.0,
    "meanResTime" : 514.0,
    "medianResTime" : 514.0,
    "minResTime" : 514.0,
    "maxResTime" : 514.0,
    "pct1ResTime" : 514.0,
    "pct2ResTime" : 514.0,
    "pct3ResTime" : 514.0,
    "throughput" : 1.9455252918287937,
    "receivedKBytesPerSec" : 29.889652237354085,
    "sentKBytesPerSec" : 5.3121960116731515
  },
  "issue" : {
    "transaction" : "issue",
    "sampleCount" : 1,
    "errorCount" : 0,
    "errorPct" : 0.0,
    "meanResTime" : 535.0,
    "medianResTime" : 535.0,
    "minResTime" : 535.0,
    "maxResTime" : 535.0,
    "pct1ResTime" : 535.0,
    "pct2ResTime" : 535.0,
    "pct3ResTime" : 535.0,
    "throughput" : 1.8691588785046729,
    "receivedKBytesPerSec" : 28.81315712616822,
    "sentKBytesPerSec" : 2.024313668224299
  },
  "https://api.fishbowlonline.com/v1/purchase_orders/37?expand=purchaseOrderItems.item.images,purchaseOrderItems.item.vendorItems,purchaseOrderItems.item.itemTrackingTypes,purchaseOrderItems.item.defaultUom.fromConversions,purchaseOrderItems.item.defaultUom.toConversions,vendor.currency" : {
    "transaction" : "https://api.fishbowlonline.com/v1/purchase_orders/37?expand=purchaseOrderItems.item.images,purchaseOrderItems.item.vendorItems,purchaseOrderItems.item.itemTrackingTypes,purchaseOrderItems.item.defaultUom.fromConversions,purchaseOrderItems.item.defaultUom.toConversions,vendor.currency",
    "sampleCount" : 1,
    "errorCount" : 0,
    "errorPct" : 0.0,
    "meanResTime" : 350.0,
    "medianResTime" : 350.0,
    "minResTime" : 350.0,
    "maxResTime" : 350.0,
    "pct1ResTime" : 350.0,
    "pct2ResTime" : 350.0,
    "pct3ResTime" : 350.0,
    "throughput" : 2.857142857142857,
    "receivedKBytesPerSec" : 44.0234375,
    "sentKBytesPerSec" : 2.840401785714286
  },
  "Total" : {
    "transaction" : "Total",
    "sampleCount" : 7,
    "errorCount" : 0,
    "errorPct" : 0.0,
    "meanResTime" : 1166.0,
    "medianResTime" : 514.0,
    "minResTime" : 299.0,
    "maxResTime" : 4959.0,
    "pct1ResTime" : 4959.0,
    "pct2ResTime" : 4959.0,
    "pct3ResTime" : 4959.0,
    "throughput" : 0.8567931456548348,
    "receivedKBytesPerSec" : 214.2290056992044,
    "sentKBytesPerSec" : 0.961860273867809
  },
  "login" : {
    "transaction" : "login",
    "sampleCount" : 1,
    "errorCount" : 0,
    "errorPct" : 0.0,
    "meanResTime" : 1176.0,
    "medianResTime" : 1176.0,
    "minResTime" : 1176.0,
    "maxResTime" : 1176.0,
    "pct1ResTime" : 1176.0,
    "pct2ResTime" : 1176.0,
    "pct3ResTime" : 1176.0,
    "throughput" : 0.8503401360544217,
    "receivedKBytesPerSec" : 4.761572597789116,
    "sentKBytesPerSec" : 0.4774859162414966
  },
  "next_po_number" : {
    "transaction" : "next_po_number",
    "sampleCount" : 1,
    "errorCount" : 0,
    "errorPct" : 0.0,
    "meanResTime" : 329.0,
    "medianResTime" : 329.0,
    "minResTime" : 329.0,
    "maxResTime" : 329.0,
    "pct1ResTime" : 329.0,
    "pct2ResTime" : 329.0,
    "pct3ResTime" : 329.0,
    "throughput" : 3.0395136778115504,
    "receivedKBytesPerSec" : 1.3446286094224924,
    "sentKBytesPerSec" : 2.3390007598784193
  },
  "po" : {
    "transaction" : "po",
    "sampleCount" : 1,
    "errorCount" : 0,
    "errorPct" : 0.0,
    "meanResTime" : 6986.0,
    "medianResTime" : 6986.0,
    "minResTime" : 6986.0,
    "maxResTime" : 6986.0,
    "pct1ResTime" : 6986.0,
    "pct2ResTime" : 6986.0,
    "pct3ResTime" : 6986.0,
    "throughput" : 0.143143429716576,
    "receivedKBytesPerSec" : 249.73538035893216,
    "sentKBytesPerSec" : 1.0444997137131407
  }
}