{
  "https://api.fishbowlonline.com/v1/auth/authenticate" : {
    "transaction" : "https://api.fishbowlonline.com/v1/auth/authenticate",
    "sampleCount" : 1,
    "errorCount" : 0,
    "errorPct" : 0.0,
    "meanResTime" : 1210.0,
    "medianResTime" : 1210.0,
    "minResTime" : 1210.0,
    "maxResTime" : 1210.0,
    "pct1ResTime" : 1210.0,
    "pct2ResTime" : 1210.0,
    "pct3ResTime" : 1210.0,
    "throughput" : 0.8264462809917356,
    "receivedKBytesPerSec" : 4.627776342975206,
    "sentKBytesPerSec" : 0.46487603305785125
  },
  "sales_order_settings" : {
    "transaction" : "sales_order_settings",
    "sampleCount" : 1,
    "errorCount" : 0,
    "errorPct" : 0.0,
    "meanResTime" : 296.0,
    "medianResTime" : 296.0,
    "minResTime" : 296.0,
    "maxResTime" : 296.0,
    "pct1ResTime" : 296.0,
    "pct2ResTime" : 296.0,
    "pct3ResTime" : 296.0,
    "throughput" : 3.3783783783783785,
    "receivedKBytesPerSec" : 3.9986275337837838,
    "sentKBytesPerSec" : 2.6228621199324325
  },
  "https://api.fishbowlonline.com/v1/sales_orders?expand=salesOrderItems.saleItem.images,customer.customerAddresses.customerAddressContacts,salesTax,payments,exchangeCurrency,salesOrderItems.saleItem.item.itemTrackingTypes,salesOrderItems.saleItem.item.tags,salesOrderItems.saleItem.item.defaultUom.toConversions,salesOrderItems.saleItem.item.defaultUom.fromConversions,salesOrderItems.saleItem.defaultUom.fromConversions,salesOrderItems.saleItem.defaultUom.toConversions,salesOrderBundleItems.item.images,salesOrderBundleItems.salesOrderItems.saleItem.defaultUom,salesOrderBundleItems.salesOrderItems.saleItem.images" : {
    "transaction" : "https://api.fishbowlonline.com/v1/sales_orders?expand=salesOrderItems.saleItem.images,customer.customerAddresses.customerAddressContacts,salesTax,payments,exchangeCurrency,salesOrderItems.saleItem.item.itemTrackingTypes,salesOrderItems.saleItem.item.tags,salesOrderItems.saleItem.item.defaultUom.toConversions,salesOrderItems.saleItem.item.defaultUom.fromConversions,salesOrderItems.saleItem.defaultUom.fromConversions,salesOrderItems.saleItem.defaultUom.toConversions,salesOrderBundleItems.item.images,salesOrderBundleItems.salesOrderItems.saleItem.defaultUom,salesOrderBundleItems.salesOrderItems.saleItem.images",
    "sampleCount" : 1,
    "errorCount" : 0,
    "errorPct" : 0.0,
    "meanResTime" : 1250.0,
    "medianResTime" : 1250.0,
    "minResTime" : 1250.0,
    "maxResTime" : 1250.0,
    "pct1ResTime" : 1250.0,
    "pct2ResTime" : 1250.0,
    "pct3ResTime" : 1250.0,
    "throughput" : 0.8,
    "receivedKBytesPerSec" : 118.309375,
    "sentKBytesPerSec" : 8.53515625
  },
  "https://api.fishbowlonline.com/v1/company" : {
    "transaction" : "https://api.fishbowlonline.com/v1/company",
    "sampleCount" : 1,
    "errorCount" : 0,
    "errorPct" : 0.0,
    "meanResTime" : 291.0,
    "medianResTime" : 291.0,
    "minResTime" : 291.0,
    "maxResTime" : 291.0,
    "pct1ResTime" : 291.0,
    "pct2ResTime" : 291.0,
    "pct3ResTime" : 291.0,
    "throughput" : 3.4364261168384878,
    "receivedKBytesPerSec" : 16.289465206185568,
    "sentKBytesPerSec" : 2.570607817869416
  },
  "Total" : {
    "transaction" : "Total",
    "sampleCount" : 6,
    "errorCount" : 0,
    "errorPct" : 0.0,
    "meanResTime" : 15440.833333333334,
    "medianResTime" : 1230.0,
    "minResTime" : 291.0,
    "maxResTime" : 87939.0,
    "pct1ResTime" : 87939.0,
    "pct2ResTime" : 87939.0,
    "pct3ResTime" : 87939.0,
    "throughput" : 0.06475984889368591,
    "receivedKBytesPerSec" : 7.0104433688613055,
    "sentKBytesPerSec" : 0.16503010321100917
  },
  "quick_fulfill" : {
    "transaction" : "quick_fulfill",
    "sampleCount" : 1,
    "errorCount" : 0,
    "errorPct" : 0.0,
    "meanResTime" : 87939.0,
    "medianResTime" : 87939.0,
    "minResTime" : 87939.0,
    "maxResTime" : 87939.0,
    "pct1ResTime" : 87939.0,
    "pct2ResTime" : 87939.0,
    "pct3ResTime" : 87939.0,
    "throughput" : 0.011371518893778642,
    "receivedKBytesPerSec" : 1.7268051220163978,
    "sentKBytesPerSec" : 0.016302138414127976
  },
  "login" : {
    "transaction" : "login",
    "sampleCount" : 1,
    "errorCount" : 0,
    "errorPct" : 0.0,
    "meanResTime" : 1501.0,
    "medianResTime" : 1501.0,
    "minResTime" : 1501.0,
    "maxResTime" : 1501.0,
    "pct1ResTime" : 1501.0,
    "pct2ResTime" : 1501.0,
    "pct3ResTime" : 1501.0,
    "throughput" : 0.6662225183211192,
    "receivedKBytesPerSec" : 6.888636742171886,
    "sentKBytesPerSec" : 0.8731158394403732
  },
  "add_so" : {
    "transaction" : "add_so",
    "sampleCount" : 1,
    "errorCount" : 0,
    "errorPct" : 0.0,
    "meanResTime" : 91144.0,
    "medianResTime" : 91144.0,
    "minResTime" : 91144.0,
    "maxResTime" : 91144.0,
    "pct1ResTime" : 91144.0,
    "pct2ResTime" : 91144.0,
    "pct3ResTime" : 91144.0,
    "throughput" : 0.01097164925831651,
    "receivedKBytesPerSec" : 7.012833915287896,
    "sentKBytesPerSec" : 0.1533780850906258
  },
  "https://api.fishbowlonline.com/v1/sales_orders?quickSearchValue=&quickSearchColumns=number,salesOrderStatus,customer.name,representative.firstName,location.name&expand=customer,representative,location,salesOrderItems,%20salesOrderBundleItems,%20salesOrderBundleItems.salesOrderItems,%20salesOrderBundleItems.salesOrderItems.saleItem&pageNumber=1&pageSize=25&orderBy=number&ascending=false" : {
    "transaction" : "https://api.fishbowlonline.com/v1/sales_orders?quickSearchValue=&quickSearchColumns=number,salesOrderStatus,customer.name,representative.firstName,location.name&expand=customer,representative,location,salesOrderItems,%20salesOrderBundleItems,%20salesOrderBundleItems.salesOrderItems,%20salesOrderBundleItems.salesOrderItems.saleItem&pageNumber=1&pageSize=25&orderBy=number&ascending=false",
    "sampleCount" : 1,
    "errorCount" : 0,
    "errorPct" : 0.0,
    "meanResTime" : 1659.0,
    "medianResTime" : 1659.0,
    "minResTime" : 1659.0,
    "maxResTime" : 1659.0,
    "pct1ResTime" : 1659.0,
    "pct2ResTime" : 1659.0,
    "pct3ResTime" : 1659.0,
    "throughput" : 0.6027727546714888,
    "receivedKBytesPerSec" : 203.89023884870403,
    "sentKBytesPerSec" : 0.6634032172995781
  }
}