{
  "receipts" : {
    "transaction" : "receipts",
    "sampleCount" : 1,
    "errorCount" : 0,
    "errorPct" : 0.0,
    "meanResTime" : 1287.0,
    "medianResTime" : 1287.0,
    "minResTime" : 1287.0,
    "maxResTime" : 1287.0,
    "pct1ResTime" : 1287.0,
    "pct2ResTime" : 1287.0,
    "pct3ResTime" : 1287.0,
    "throughput" : 0.777000777000777,
    "receivedKBytesPerSec" : 421.37495750777003,
    "sentKBytesPerSec" : 0.7109860625485626
  },
  "https://api.fishbowlonline.com/v1/receipts?expand=salesOrder.customer,purchaseOrder.vendor&quickSearchValue=&quickSearchColumns=number,status&status=Open&pageNumber=1&pageSize=25&orderBy=number&ascending=false" : {
    "transaction" : "https://api.fishbowlonline.com/v1/receipts?expand=salesOrder.customer,purchaseOrder.vendor&quickSearchValue=&quickSearchColumns=number,status&status=Open&pageNumber=1&pageSize=25&orderBy=number&ascending=false",
    "sampleCount" : 1,
    "errorCount" : 0,
    "errorPct" : 0.0,
    "meanResTime" : 746.0,
    "medianResTime" : 746.0,
    "minResTime" : 746.0,
    "maxResTime" : 746.0,
    "pct1ResTime" : 746.0,
    "pct2ResTime" : 746.0,
    "pct3ResTime" : 746.0,
    "throughput" : 1.3404825737265416,
    "receivedKBytesPerSec" : 705.5703334450402,
    "sentKBytesPerSec" : 1.2265939175603218
  },
  "receive" : {
    "transaction" : "receive",
    "sampleCount" : 1,
    "errorCount" : 0,
    "errorPct" : 0.0,
    "meanResTime" : 912.0,
    "medianResTime" : 912.0,
    "minResTime" : 912.0,
    "maxResTime" : 912.0,
    "pct1ResTime" : 912.0,
    "pct2ResTime" : 912.0,
    "pct3ResTime" : 912.0,
    "throughput" : 1.0964912280701753,
    "receivedKBytesPerSec" : 58.62159059758772,
    "sentKBytesPerSec" : 1.6179670367324561
  },
  "https://api.fishbowlonline.com/v1/auth/authenticate" : {
    "transaction" : "https://api.fishbowlonline.com/v1/auth/authenticate",
    "sampleCount" : 1,
    "errorCount" : 0,
    "errorPct" : 0.0,
    "meanResTime" : 851.0,
    "medianResTime" : 851.0,
    "minResTime" : 851.0,
    "maxResTime" : 851.0,
    "pct1ResTime" : 851.0,
    "pct2ResTime" : 851.0,
    "pct3ResTime" : 851.0,
    "throughput" : 1.1750881316098707,
    "receivedKBytesPerSec" : 6.580034518213866,
    "sentKBytesPerSec" : 0.6598395270270271
  },
  "Total" : {
    "transaction" : "Total",
    "sampleCount" : 6,
    "errorCount" : 0,
    "errorPct" : 0.0,
    "meanResTime" : 769.3333333333333,
    "medianResTime" : 798.5,
    "minResTime" : 231.0,
    "maxResTime" : 1287.0,
    "pct1ResTime" : 1287.0,
    "pct2ResTime" : 1287.0,
    "pct3ResTime" : 1287.0,
    "throughput" : 1.2975778546712802,
    "receivedKBytesPerSec" : 267.05119519085207,
    "sentKBytesPerSec" : 7.377650911007786
  },
  "https://api.fishbowlonline.com/v1/receipts/42?expand=purchaseOrder,purchaseOrder.fobPoint,receiptItems.purchaseOrderItem,receiptItems.location,receiptItems.item.images,receiptItems.item.itemUomConversions,receiptItems.uom.fromConversions,receiptItems.uom.toConversions,receiptItems.item.itemTrackingTypes.trackingType,receiptItems.item.itemLocations,salesOrder,salesOrder.exchangeCurrency" : {
    "transaction" : "https://api.fishbowlonline.com/v1/receipts/42?expand=purchaseOrder,purchaseOrder.fobPoint,receiptItems.purchaseOrderItem,receiptItems.location,receiptItems.item.images,receiptItems.item.itemUomConversions,receiptItems.uom.fromConversions,receiptItems.uom.toConversions,receiptItems.item.itemTrackingTypes.trackingType,receiptItems.item.itemLocations,salesOrder,salesOrder.exchangeCurrency",
    "sampleCount" : 1,
    "errorCount" : 0,
    "errorPct" : 0.0,
    "meanResTime" : 231.0,
    "medianResTime" : 231.0,
    "minResTime" : 231.0,
    "maxResTime" : 231.0,
    "pct1ResTime" : 231.0,
    "pct2ResTime" : 231.0,
    "pct3ResTime" : 231.0,
    "throughput" : 4.329004329004329,
    "receivedKBytesPerSec" : 231.02255817099567,
    "sentKBytesPerSec" : 4.794034090909091
  },
  "po_recieving" : {
    "transaction" : "po_recieving",
    "sampleCount" : 1,
    "errorCount" : 0,
    "errorPct" : 0.0,
    "meanResTime" : 3765.0,
    "medianResTime" : 3765.0,
    "minResTime" : 3765.0,
    "maxResTime" : 3765.0,
    "pct1ResTime" : 3765.0,
    "pct2ResTime" : 3765.0,
    "pct3ResTime" : 3765.0,
    "throughput" : 0.2656042496679947,
    "receivedKBytesPerSec" : 326.49272700863213,
    "sentKBytesPerSec" : 8.911748837981408
  },
  " fulfill" : {
    "transaction" : " fulfill",
    "sampleCount" : 1,
    "errorCount" : 0,
    "errorPct" : 0.0,
    "meanResTime" : 589.0,
    "medianResTime" : 589.0,
    "minResTime" : 589.0,
    "maxResTime" : 589.0,
    "pct1ResTime" : 589.0,
    "pct2ResTime" : 589.0,
    "pct3ResTime" : 589.0,
    "throughput" : 1.697792869269949,
    "receivedKBytesPerSec" : 91.25802472410867,
    "sentKBytesPerSec" : 49.473087330220714
  },
  "Login" : {
    "transaction" : "Login",
    "sampleCount" : 1,
    "errorCount" : 0,
    "errorPct" : 0.0,
    "meanResTime" : 851.0,
    "medianResTime" : 851.0,
    "minResTime" : 851.0,
    "maxResTime" : 851.0,
    "pct1ResTime" : 851.0,
    "pct2ResTime" : 851.0,
    "pct3ResTime" : 851.0,
    "throughput" : 1.1750881316098707,
    "receivedKBytesPerSec" : 6.580034518213866,
    "sentKBytesPerSec" : 0.6598395270270271
  }
}