timeStamp,elapsed,label,responseCode,responseMessage,threadName,dataType,success,failureMessage,bytes,sentBytes,grpThreads,allThreads,URL,Latency,IdleTime,Connect
1691578353296,1165,https://api.fishbowlonline.com/v1/auth/authenticate,200,,Thread Group 1-1,text,true,,5734,575,1,1,https://api.fishbowlonline.com/v1/auth/authenticate,1165,0,775
1691578353295,1165,Login,200,"Number of samples in transaction : 1, number of failing samples : 0",Thread Group 1-1,,true,,5734,575,1,1,null,1165,1,775
1691578354462,2717,receipts,200,,Thread Group 1-1,text,true,,555356,937,1,1,https://api.fishbowlonline.com/v1/receipts?quickSearchValue=&expand=salesOrder.customer%2CpurchaseOrder.vendor&quickSearchColumns=number%2Cstatus&pageNumber=1&pageSize=25&orderBy=number&ascending=false&status=Open,584,0,0
1691578357184,399,"https://api.fishbowlonline.com/v1/receipts/42?expand=purchaseOrder,purchaseOrder.fobPoint,receiptItems.purchaseOrderItem,receiptItems.location,receiptItems.item.images,receiptItems.item.itemUomConversions,receiptItems.uom.fromConversions,receiptItems.uom.toConversions,receiptItems.item.itemTrackingTypes.trackingType,receiptItems.item.itemLocations,salesOrder,salesOrder.exchangeCurrency",200,,Thread Group 1-1,text,true,,54647,1134,1,1,https://api.fishbowlonline.com/v1/receipts/78?expand=purchaseOrder%2CpurchaseOrder.fobPoint%2CreceiptItems.purchaseOrderItem%2CreceiptItems.location%2CreceiptItems.item.images%2CreceiptItems.item.itemUomConversions%2CreceiptItems.uom.fromConversions%2CreceiptItems.uom.toConversions%2CreceiptItems.item.itemTrackingTypes.trackingType%2CreceiptItems.item.itemLocations%2CsalesOrder%2CsalesOrder.exchangeCurrency,309,0,0
1691578357585,1795,receive,200,,Thread Group 1-1,text,true,,54707,1511,1,1,"https://api.fishbowlonline.com/v1/receipts/78/receive?expand=purchaseOrder,purchaseOrder.fobPoint,receiptItems.purchaseOrderItem,receiptItems.location,receiptItems.item.images,receiptItems.item.itemUomConversions,receiptItems.uom.fromConversions,receiptItems.uom.toConversions,receiptItems.item.itemTrackingTypes.trackingType,receiptItems.item.itemLocations,salesOrder,salesOrder.exchangeCurrency",1697,0,0
1691578359381,2236,"https://api.fishbowlonline.com/v1/receipts?expand=salesOrder.customer,purchaseOrder.vendor&quickSearchValue=&quickSearchColumns=number,status&status=Open&pageNumber=1&pageSize=25&orderBy=number&ascending=false",200,,Thread Group 1-1,text,true,,539177,937,1,1,https://api.fishbowlonline.com/v1/receipts?quickSearchValue=&expand=salesOrder.customer%2CpurchaseOrder.vendor&quickSearchColumns=number%2Cstatus&pageNumber=1&pageSize=25&orderBy=number&ascending=false&status=Open,701,0,0
1691578361619,1125, fulfill,200,,Thread Group 1-1,text,true,,55040,29839,1,1,"https://api.fishbowlonline.com/v1/receipts/78/fulfill?expand=purchaseOrder,purchaseOrder.fobPoint,receiptItems.purchaseOrderItem,receiptItems.location,receiptItems.item.images,receiptItems.item.itemUomConversions,receiptItems.uom.fromConversions,receiptItems.uom.toConversions,receiptItems.item.itemTrackingTypes.trackingType,receiptItems.item.itemLocations,salesOrder,salesOrder.exchangeCurrency",1033,0,0
1691578354461,8272,po_recieving,200,"Number of samples in transaction : 5, number of failing samples : 0",Thread Group 1-1,,true,,1258927,34358,1,1,null,4324,11,0
