{
  "https://api.fishbowlonline.com/v1/ships?expand=carrier,shipBundleItems,shipBundleItems.shipItems,shipBundleItems.shipItems.item.images,shipBundleItems.shipItems.item.itemTrackingTypes,shipBundleItems.shipItems.uom,carrierService,shipCartons,shipItems,shipItems.item.images,shipItems.item.itemTrackingTypes,shipItems.salesOrderItem.saleItem,shipItems.uom,salesOrder.customer.customerAddresses,salesOrder.customer.carrierAccountSettings,salesOrder.salesOrderItems.saleItem,salesOrder.paymentTerm,salesOrder.representative,salesOrder.location.address" : {
    "transaction" : "https://api.fishbowlonline.com/v1/ships?expand=carrier,shipBundleItems,shipBundleItems.shipItems,shipBundleItems.shipItems.item.images,shipBundleItems.shipItems.item.itemTrackingTypes,shipBundleItems.shipItems.uom,carrierService,shipCartons,shipItems,shipItems.item.images,shipItems.item.itemTrackingTypes,shipItems.salesOrderItem.saleItem,shipItems.uom,salesOrder.customer.customerAddresses,salesOrder.customer.carrierAccountSettings,salesOrder.salesOrderItems.saleItem,salesOrder.paymentTerm,salesOrder.representative,salesOrder.location.address",
    "sampleCount" : 2,
    "errorCount" : 0,
    "errorPct" : 0.0,
    "meanResTime" : 500.5,
    "medianResTime" : 500.5,
    "minResTime" : 495.0,
    "maxResTime" : 506.0,
    "pct1ResTime" : 506.0,
    "pct2ResTime" : 506.0,
    "pct3ResTime" : 506.0,
    "throughput" : 1.1743981209630063,
    "receivedKBytesPerSec" : 293.34263065179096,
    "sentKBytesPerSec" : 2.5288553288314737
  },
  "https://api.fishbowlonline.com/v1/auth/authenticate" : {
    "transaction" : "https://api.fishbowlonline.com/v1/auth/authenticate",
    "sampleCount" : 1,
    "errorCount" : 0,
    "errorPct" : 0.0,
    "meanResTime" : 860.0,
    "medianResTime" : 860.0,
    "minResTime" : 860.0,
    "maxResTime" : 860.0,
    "pct1ResTime" : 860.0,
    "pct2ResTime" : 860.0,
    "pct3ResTime" : 860.0,
    "throughput" : 1.1627906976744187,
    "receivedKBytesPerSec" : 6.511173691860465,
    "sentKBytesPerSec" : 0.6529342296511628
  },
  "ships" : {
    "transaction" : "ships",
    "sampleCount" : 1,
    "errorCount" : 0,
    "errorPct" : 0.0,
    "meanResTime" : 2009.0,
    "medianResTime" : 2009.0,
    "minResTime" : 2009.0,
    "maxResTime" : 2009.0,
    "pct1ResTime" : 2009.0,
    "pct2ResTime" : 2009.0,
    "pct3ResTime" : 2009.0,
    "throughput" : 0.49776007964161273,
    "receivedKBytesPerSec" : 437.6370784594326,
    "sentKBytesPerSec" : 0.5376197735191638
  },
  "shiping" : {
    "transaction" : "shiping",
    "sampleCount" : 1,
    "errorCount" : 0,
    "errorPct" : 0.0,
    "meanResTime" : 6139.0,
    "medianResTime" : 6139.0,
    "minResTime" : 6139.0,
    "maxResTime" : 6139.0,
    "pct1ResTime" : 6139.0,
    "pct2ResTime" : 6139.0,
    "pct3ResTime" : 6139.0,
    "throughput" : 0.1628929793125916,
    "receivedKBytesPerSec" : 348.6371075297279,
    "sentKBytesPerSec" : 1.7757561797524026
  },
  "Total" : {
    "transaction" : "Total",
    "sampleCount" : 9,
    "errorCount" : 0,
    "errorPct" : 0.0,
    "meanResTime" : 777.6666666666666,
    "medianResTime" : 495.0,
    "minResTime" : 257.0,
    "maxResTime" : 2009.0,
    "pct1ResTime" : 2009.0,
    "pct2ResTime" : 2009.0,
    "pct3ResTime" : 2009.0,
    "throughput" : 1.2833309567945246,
    "receivedKBytesPerSec" : 305.9864269927278,
    "sentKBytesPerSec" : 1.6345202659346927
  },
  "https://api.fishbowlonline.com/v1/ships/320?expand=carrier,shipBundleItems,shipBundleItems.shipItems,shipBundleItems.shipItems.item.images,shipBundleItems.shipItems.item.itemTrackingTypes,shipBundleItems.shipItems.uom,carrierService,shipCartons,shipItems,shipItems.item.images,shipItems.item.itemTrackingTypes,shipItems.salesOrderItem.saleItem,shipItems.uom,salesOrder.customer.customerAddresses,salesOrder.customer.carrierAccountSettings,salesOrder.salesOrderItems.saleItem,salesOrder.paymentTerm,salesOrder.representative,salesOrder.location.address" : {
    "transaction" : "https://api.fishbowlonline.com/v1/ships/320?expand=carrier,shipBundleItems,shipBundleItems.shipItems,shipBundleItems.shipItems.item.images,shipBundleItems.shipItems.item.itemTrackingTypes,shipBundleItems.shipItems.uom,carrierService,shipCartons,shipItems,shipItems.item.images,shipItems.item.itemTrackingTypes,shipItems.salesOrderItem.saleItem,shipItems.uom,salesOrder.customer.customerAddresses,salesOrder.customer.carrierAccountSettings,salesOrder.salesOrderItems.saleItem,salesOrder.paymentTerm,salesOrder.representative,salesOrder.location.address",
    "sampleCount" : 3,
    "errorCount" : 0,
    "errorPct" : 0.0,
    "meanResTime" : 437.0,
    "medianResTime" : 439.0,
    "minResTime" : 427.0,
    "maxResTime" : 445.0,
    "pct1ResTime" : 445.0,
    "pct2ResTime" : 445.0,
    "pct3ResTime" : 445.0,
    "throughput" : 0.7263922518159805,
    "receivedKBytesPerSec" : 181.7680746822034,
    "sentKBytesPerSec" : 0.9299807052058111
  },
  "finish" : {
    "transaction" : "finish",
    "sampleCount" : 1,
    "errorCount" : 0,
    "errorPct" : 0.0,
    "meanResTime" : 1561.0,
    "medianResTime" : 1561.0,
    "minResTime" : 1561.0,
    "maxResTime" : 1561.0,
    "pct1ResTime" : 1561.0,
    "pct2ResTime" : 1561.0,
    "pct3ResTime" : 1561.0,
    "throughput" : 0.6406149903907751,
    "receivedKBytesPerSec" : 3.4777136050608584,
    "sentKBytesPerSec" : 0.5367652946828956
  },
  "Login" : {
    "transaction" : "Login",
    "sampleCount" : 1,
    "errorCount" : 0,
    "errorPct" : 0.0,
    "meanResTime" : 860.0,
    "medianResTime" : 860.0,
    "minResTime" : 860.0,
    "maxResTime" : 860.0,
    "pct1ResTime" : 860.0,
    "pct2ResTime" : 860.0,
    "pct3ResTime" : 860.0,
    "throughput" : 1.1627906976744187,
    "receivedKBytesPerSec" : 6.511173691860465,
    "sentKBytesPerSec" : 0.6529342296511628
  },
  "pack" : {
    "transaction" : "pack",
    "sampleCount" : 1,
    "errorCount" : 0,
    "errorPct" : 0.0,
    "meanResTime" : 257.0,
    "medianResTime" : 257.0,
    "minResTime" : 257.0,
    "maxResTime" : 257.0,
    "pct1ResTime" : 257.0,
    "pct2ResTime" : 257.0,
    "pct3ResTime" : 257.0,
    "throughput" : 3.8910505836575875,
    "receivedKBytesPerSec" : 20.92199659533074,
    "sentKBytesPerSec" : 3.2526750972762644
  }
}