{
  "https://api.fishbowlonline.com/v1/ships?expand=carrier,shipBundleItems,shipBundleItems.shipItems,shipBundleItems.shipItems.item.images,shipBundleItems.shipItems.item.itemTrackingTypes,shipBundleItems.shipItems.uom,carrierService,shipCartons,shipItems,shipItems.item.images,shipItems.item.itemTrackingTypes,shipItems.salesOrderItem.saleItem,shipItems.uom,salesOrder.customer.customerAddresses,salesOrder.customer.carrierAccountSettings,salesOrder.salesOrderItems.saleItem,salesOrder.paymentTerm,salesOrder.representative,salesOrder.location.address" : {
    "transaction" : "https://api.fishbowlonline.com/v1/ships?expand=carrier,shipBundleItems,shipBundleItems.shipItems,shipBundleItems.shipItems.item.images,shipBundleItems.shipItems.item.itemTrackingTypes,shipBundleItems.shipItems.uom,carrierService,shipCartons,shipItems,shipItems.item.images,shipItems.item.itemTrackingTypes,shipItems.salesOrderItem.saleItem,shipItems.uom,salesOrder.customer.customerAddresses,salesOrder.customer.carrierAccountSettings,salesOrder.salesOrderItems.saleItem,salesOrder.paymentTerm,salesOrder.representative,salesOrder.location.address",
    "sampleCount" : 2,
    "errorCount" : 0,
    "errorPct" : 0.0,
    "meanResTime" : 621.5,
    "medianResTime" : 621.5,
    "minResTime" : 612.0,
    "maxResTime" : 631.0,
    "pct1ResTime" : 631.0,
    "pct2ResTime" : 631.0,
    "pct3ResTime" : 631.0,
    "throughput" : 0.970402717127608,
    "receivedKBytesPerSec" : 242.402618571082,
    "sentKBytesPerSec" : 2.08958788209607
  },
  "https://api.fishbowlonline.com/v1/auth/authenticate" : {
    "transaction" : "https://api.fishbowlonline.com/v1/auth/authenticate",
    "sampleCount" : 1,
    "errorCount" : 0,
    "errorPct" : 0.0,
    "meanResTime" : 1188.0,
    "medianResTime" : 1188.0,
    "minResTime" : 1188.0,
    "maxResTime" : 1188.0,
    "pct1ResTime" : 1188.0,
    "pct2ResTime" : 1188.0,
    "pct3ResTime" : 1188.0,
    "throughput" : 0.8417508417508417,
    "receivedKBytesPerSec" : 4.713475904882155,
    "sentKBytesPerSec" : 0.4726628261784512
  },
  "ships" : {
    "transaction" : "ships",
    "sampleCount" : 1,
    "errorCount" : 0,
    "errorPct" : 0.0,
    "meanResTime" : 2155.0,
    "medianResTime" : 2155.0,
    "minResTime" : 2155.0,
    "maxResTime" : 2155.0,
    "pct1ResTime" : 2155.0,
    "pct2ResTime" : 2155.0,
    "pct3ResTime" : 2155.0,
    "throughput" : 0.46403712296983757,
    "receivedKBytesPerSec" : 422.29961209396754,
    "sentKBytesPerSec" : 0.5011963457076567
  },
  "shiping" : {
    "transaction" : "shiping",
    "sampleCount" : 1,
    "errorCount" : 0,
    "errorPct" : 0.0,
    "meanResTime" : 7123.0,
    "medianResTime" : 7123.0,
    "minResTime" : 7123.0,
    "maxResTime" : 7123.0,
    "pct1ResTime" : 7123.0,
    "pct2ResTime" : 7123.0,
    "pct3ResTime" : 7123.0,
    "throughput" : 0.14039028499227854,
    "receivedKBytesPerSec" : 304.8208981907202,
    "sentKBytesPerSec" : 1.530446046258599
  },
  "Total" : {
    "transaction" : "Total",
    "sampleCount" : 9,
    "errorCount" : 0,
    "errorPct" : 0.0,
    "meanResTime" : 923.4444444444445,
    "medianResTime" : 612.0,
    "minResTime" : 316.0,
    "maxResTime" : 2155.0,
    "pct1ResTime" : 2155.0,
    "pct2ResTime" : 2155.0,
    "pct3ResTime" : 2155.0,
    "throughput" : 1.0812109562710235,
    "receivedKBytesPerSec" : 261.5135592488587,
    "sentKBytesPerSec" : 1.3770892149207112
  },
  "https://api.fishbowlonline.com/v1/ships/320?expand=carrier,shipBundleItems,shipBundleItems.shipItems,shipBundleItems.shipItems.item.images,shipBundleItems.shipItems.item.itemTrackingTypes,shipBundleItems.shipItems.uom,carrierService,shipCartons,shipItems,shipItems.item.images,shipItems.item.itemTrackingTypes,shipItems.salesOrderItem.saleItem,shipItems.uom,salesOrder.customer.customerAddresses,salesOrder.customer.carrierAccountSettings,salesOrder.salesOrderItems.saleItem,salesOrder.paymentTerm,salesOrder.representative,salesOrder.location.address" : {
    "transaction" : "https://api.fishbowlonline.com/v1/ships/320?expand=carrier,shipBundleItems,shipBundleItems.shipItems,shipBundleItems.shipItems.item.images,shipBundleItems.shipItems.item.itemTrackingTypes,shipBundleItems.shipItems.uom,carrierService,shipCartons,shipItems,shipItems.item.images,shipItems.item.itemTrackingTypes,shipItems.salesOrderItem.saleItem,shipItems.uom,salesOrder.customer.customerAddresses,salesOrder.customer.carrierAccountSettings,salesOrder.salesOrderItems.saleItem,salesOrder.paymentTerm,salesOrder.representative,salesOrder.location.address",
    "sampleCount" : 3,
    "errorCount" : 0,
    "errorPct" : 0.0,
    "meanResTime" : 523.6666666666666,
    "medianResTime" : 520.0,
    "minResTime" : 500.0,
    "maxResTime" : 551.0,
    "pct1ResTime" : 551.0,
    "pct2ResTime" : 551.0,
    "pct3ResTime" : 551.0,
    "throughput" : 0.6035003017501509,
    "receivedKBytesPerSec" : 151.03321923405753,
    "sentKBytesPerSec" : 0.7726454058539529
  },
  "finish" : {
    "transaction" : "finish",
    "sampleCount" : 1,
    "errorCount" : 0,
    "errorPct" : 0.0,
    "meanResTime" : 1838.0,
    "medianResTime" : 1838.0,
    "minResTime" : 1838.0,
    "maxResTime" : 1838.0,
    "pct1ResTime" : 1838.0,
    "pct2ResTime" : 1838.0,
    "pct3ResTime" : 1838.0,
    "throughput" : 0.544069640914037,
    "receivedKBytesPerSec" : 2.95359681039173,
    "sentKBytesPerSec" : 0.45587085146898804
  },
  "Login" : {
    "transaction" : "Login",
    "sampleCount" : 1,
    "errorCount" : 0,
    "errorPct" : 0.0,
    "meanResTime" : 1188.0,
    "medianResTime" : 1188.0,
    "minResTime" : 1188.0,
    "maxResTime" : 1188.0,
    "pct1ResTime" : 1188.0,
    "pct2ResTime" : 1188.0,
    "pct3ResTime" : 1188.0,
    "throughput" : 0.8417508417508417,
    "receivedKBytesPerSec" : 4.713475904882155,
    "sentKBytesPerSec" : 0.4726628261784512
  },
  "pack" : {
    "transaction" : "pack",
    "sampleCount" : 1,
    "errorCount" : 0,
    "errorPct" : 0.0,
    "meanResTime" : 316.0,
    "medianResTime" : 316.0,
    "minResTime" : 316.0,
    "maxResTime" : 316.0,
    "pct1ResTime" : 316.0,
    "pct2ResTime" : 316.0,
    "pct3ResTime" : 316.0,
    "throughput" : 3.1645569620253164,
    "receivedKBytesPerSec" : 17.01567444620253,
    "sentKBytesPerSec" : 2.6453718354430378
  }
}