{
  "purchase_order_settings? " : {
    "transaction" : "purchase_order_settings? ",
    "sampleCount" : 1,
    "errorCount" : 0,
    "errorPct" : 0.0,
    "meanResTime" : 208.0,
    "medianResTime" : 208.0,
    "minResTime" : 208.0,
    "maxResTime" : 208.0,
    "pct1ResTime" : 208.0,
    "pct2ResTime" : 208.0,
    "pct3ResTime" : 208.0,
    "throughput" : 4.807692307692308,
    "receivedKBytesPerSec" : 4.7607421875,
    "sentKBytesPerSec" : 3.7560096153846154
  },
  "https://api.fishbowlonline.com/v1/auth/authenticate" : {
    "transaction" : "https://api.fishbowlonline.com/v1/auth/authenticate",
    "sampleCount" : 1,
    "errorCount" : 0,
    "errorPct" : 0.0,
    "meanResTime" : 814.0,
    "medianResTime" : 814.0,
    "minResTime" : 814.0,
    "maxResTime" : 814.0,
    "pct1ResTime" : 814.0,
    "pct2ResTime" : 814.0,
    "pct3ResTime" : 814.0,
    "throughput" : 1.2285012285012284,
    "receivedKBytesPerSec" : 6.879126996314497,
    "sentKBytesPerSec" : 0.6898322328009828
  },
  "https://api.fishbowlonline.com/v1/purchase_orders?quickSearchValue=&quickSearchColumns=number,purchaseOrderStatus,vendor.name,buyer.firstName&expand=buyer,purchaseOrderItems&pageNumber=1&pageSize=25&orderBy=number&ascending=false" : {
    "transaction" : "https://api.fishbowlonline.com/v1/purchase_orders?quickSearchValue=&quickSearchColumns=number,purchaseOrderStatus,vendor.name,buyer.firstName&expand=buyer,purchaseOrderItems&pageNumber=1&pageSize=25&orderBy=number&ascending=false",
    "sampleCount" : 1,
    "errorCount" : 0,
    "errorPct" : 0.0,
    "meanResTime" : 1304.0,
    "medianResTime" : 1304.0,
    "minResTime" : 1304.0,
    "maxResTime" : 1304.0,
    "pct1ResTime" : 1304.0,
    "pct2ResTime" : 1304.0,
    "pct3ResTime" : 1304.0,
    "throughput" : 0.7668711656441718,
    "receivedKBytesPerSec" : 2206.345259777607,
    "sentKBytesPerSec" : 0.7196906154141104
  },
  "https://api.fishbowlonline.com/v1/purchase_orders?expand=purchaseOrderItems.item.images,purchaseOrderItems.item.vendorItems,purchaseOrderItems.item.itemTrackingTypes,purchaseOrderItems.item.defaultUom.fromConversions,purchaseOrderItems.item.defaultUom.toConversions,vendor.currency" : {
    "transaction" : "https://api.fishbowlonline.com/v1/purchase_orders?expand=purchaseOrderItems.item.images,purchaseOrderItems.item.vendorItems,purchaseOrderItems.item.itemTrackingTypes,purchaseOrderItems.item.defaultUom.fromConversions,purchaseOrderItems.item.defaultUom.toConversions,vendor.currency",
    "sampleCount" : 1,
    "errorCount" : 0,
    "errorPct" : 0.0,
    "meanResTime" : 997.0,
    "medianResTime" : 997.0,
    "minResTime" : 997.0,
    "maxResTime" : 997.0,
    "pct1ResTime" : 997.0,
    "pct2ResTime" : 997.0,
    "pct3ResTime" : 997.0,
    "throughput" : 1.0030090270812437,
    "receivedKBytesPerSec" : 104.82521784102308,
    "sentKBytesPerSec" : 9.739178472918756
  },
  "issue" : {
    "transaction" : "issue",
    "sampleCount" : 1,
    "errorCount" : 0,
    "errorPct" : 0.0,
    "meanResTime" : 1153.0,
    "medianResTime" : 1153.0,
    "minResTime" : 1153.0,
    "maxResTime" : 1153.0,
    "pct1ResTime" : 1153.0,
    "pct2ResTime" : 1153.0,
    "pct3ResTime" : 1153.0,
    "throughput" : 0.8673026886383347,
    "receivedKBytesPerSec" : 90.71698151561145,
    "sentKBytesPerSec" : 0.9392955875975715
  },
  "https://api.fishbowlonline.com/v1/purchase_orders/37?expand=purchaseOrderItems.item.images,purchaseOrderItems.item.vendorItems,purchaseOrderItems.item.itemTrackingTypes,purchaseOrderItems.item.defaultUom.fromConversions,purchaseOrderItems.item.defaultUom.toConversions,vendor.currency" : {
    "transaction" : "https://api.fishbowlonline.com/v1/purchase_orders/37?expand=purchaseOrderItems.item.images,purchaseOrderItems.item.vendorItems,purchaseOrderItems.item.itemTrackingTypes,purchaseOrderItems.item.defaultUom.fromConversions,purchaseOrderItems.item.defaultUom.toConversions,vendor.currency",
    "sampleCount" : 1,
    "errorCount" : 0,
    "errorPct" : 0.0,
    "meanResTime" : 274.0,
    "medianResTime" : 274.0,
    "minResTime" : 274.0,
    "maxResTime" : 274.0,
    "pct1ResTime" : 274.0,
    "pct2ResTime" : 274.0,
    "pct3ResTime" : 274.0,
    "throughput" : 3.6496350364963503,
    "receivedKBytesPerSec" : 381.38329721715326,
    "sentKBytesPerSec" : 3.628250456204379
  },
  "Total" : {
    "transaction" : "Total",
    "sampleCount" : 7,
    "errorCount" : 0,
    "errorPct" : 0.0,
    "meanResTime" : 713.0,
    "medianResTime" : 814.0,
    "minResTime" : 208.0,
    "maxResTime" : 1304.0,
    "pct1ResTime" : 1304.0,
    "pct2ResTime" : 1304.0,
    "pct3ResTime" : 1304.0,
    "throughput" : 1.3983220135836996,
    "receivedKBytesPerSec" : 638.7760468687575,
    "sentKBytesPerSec" : 2.964021299440671
  },
  "login" : {
    "transaction" : "login",
    "sampleCount" : 1,
    "errorCount" : 0,
    "errorPct" : 0.0,
    "meanResTime" : 814.0,
    "medianResTime" : 814.0,
    "minResTime" : 814.0,
    "maxResTime" : 814.0,
    "pct1ResTime" : 814.0,
    "pct2ResTime" : 814.0,
    "pct3ResTime" : 814.0,
    "throughput" : 1.2285012285012284,
    "receivedKBytesPerSec" : 6.879126996314497,
    "sentKBytesPerSec" : 0.6898322328009828
  },
  "next_po_number" : {
    "transaction" : "next_po_number",
    "sampleCount" : 1,
    "errorCount" : 0,
    "errorPct" : 0.0,
    "meanResTime" : 241.0,
    "medianResTime" : 241.0,
    "minResTime" : 241.0,
    "maxResTime" : 241.0,
    "pct1ResTime" : 241.0,
    "pct2ResTime" : 241.0,
    "pct3ResTime" : 241.0,
    "throughput" : 4.149377593360996,
    "receivedKBytesPerSec" : 1.8356133298755188,
    "sentKBytesPerSec" : 3.193075726141079
  },
  "po" : {
    "transaction" : "po",
    "sampleCount" : 1,
    "errorCount" : 0,
    "errorPct" : 0.0,
    "meanResTime" : 4177.0,
    "medianResTime" : 4177.0,
    "minResTime" : 4177.0,
    "maxResTime" : 4177.0,
    "pct1ResTime" : 4177.0,
    "pct2ResTime" : 4177.0,
    "pct3ResTime" : 4177.0,
    "throughput" : 0.23940627244433804,
    "receivedKBytesPerSec" : 764.2119418841274,
    "sentKBytesPerSec" : 3.4178518524060335
  }
}