timeStamp,elapsed,label,responseCode,responseMessage,threadName,dataType,success,failureMessage,bytes,sentBytes,grpThreads,allThreads,URL,Latency,IdleTime,Connect
1691665640971,999,https://api.fishbowlonline.com/v1/auth/authenticate,200,,Thread Group 1-1,text,true,,5734,576,1,1,https://api.fishbowlonline.com/v1/auth/authenticate,999,0,612
1691665640970,999,login,200,"Number of samples in transaction : 1, number of failing samples : 0",Thread Group 1-1,,true,,5734,576,1,1,null,999,1,612
1691665641970,203,sales_order_settings,200,,Thread Group 1-1,text,true,,1212,795,1,1,https://api.fishbowlonline.com/v1/sales_order_settings?expand=salesTax,203,0,0
1691665642174,1101,"https://api.fishbowlonline.com/v1/sales_orders?quickSearchValue=&quickSearchColumns=number,salesOrderStatus,customer.name,representative.firstName,location.name&expand=customer,representative,location,salesOrderItems,%20salesOrderBundleItems,%20salesOrderBundleItems.salesOrderItems,%20salesOrderBundleItems.salesOrderItems.saleItem&pageNumber=1&pageSize=25&orderBy=number&ascending=false",200,,Thread Group 1-1,text,true,,654532,1127,1,1,https://api.fishbowlonline.com/v1/sales_orders?quickSearchValue=&expand=customer%2Crepresentative%2Clocation%2CsalesOrderItems%2C+salesOrderBundleItems%2C+salesOrderBundleItems.salesOrderItems%2C+salesOrderBundleItems.salesOrderItems.saleItem&quickSearchColumns=number%2CsalesOrderStatus%2Ccustomer.name%2Crepresentative.firstName%2Clocation.name&pageNumber=1&pageSize=25&orderBy=number&ascending=false,418,0,0
1691665643279,1310,"https://api.fishbowlonline.com/v1/sales_orders?expand=salesOrderItems.saleItem.images,customer.customerAddresses.customerAddressContacts,salesTax,payments,exchangeCurrency,salesOrderItems.saleItem.item.itemTrackingTypes,salesOrderItems.saleItem.item.tags,salesOrderItems.saleItem.item.defaultUom.toConversions,salesOrderItems.saleItem.item.defaultUom.fromConversions,salesOrderItems.saleItem.defaultUom.fromConversions,salesOrderItems.saleItem.defaultUom.toConversions,salesOrderBundleItems.item.images,salesOrderBundleItems.salesOrderItems.saleItem.defaultUom,salesOrderBundleItems.salesOrderItems.saleItem.images",201,,Thread Group 1-1,text,true,,151449,10925,1,1,"https://api.fishbowlonline.com/v1/sales_orders?expand=salesOrderItems.saleItem.images,customer.customerAddresses.customerAddressContacts,salesTax,payments,exchangeCurrency,salesOrderItems.saleItem.item.itemTrackingTypes,salesOrderItems.saleItem.item.tags,salesOrderItems.saleItem.item.defaultUom.toConversions,salesOrderItems.saleItem.item.defaultUom.fromConversions,salesOrderItems.saleItem.defaultUom.fromConversions,salesOrderItems.saleItem.defaultUom.toConversions,salesOrderBundleItems.item.images,salesOrderBundleItems.salesOrderItems.saleItem.defaultUom,salesOrderBundleItems.salesOrderItems.saleItem.images",1307,0,0
1691665644589,137150,quick_fulfill,200,,Thread Group 1-1,text,true,,155461,1468,1,1,https://api.fishbowlonline.com/v1/sales_orders/624/quick_fulfill,137149,0,0
1691665641969,139764,add_so,200,"Number of samples in transaction : 4, number of failing samples : 0",Thread Group 1-1,,true,,962654,14315,1,1,null,139077,6,0
