timeStamp,elapsed,label,responseCode,responseMessage,threadName,dataType,success,failureMessage,bytes,sentBytes,grpThreads,allThreads,URL,Latency,IdleTime,Connect
1691591768988,1120,https://api.fishbowlonline.com/v1/auth/authenticate,200,,Thread Group 1-1,text,true,,5734,576,1,1,https://api.fishbowlonline.com/v1/auth/authenticate,1120,0,747
1691591768986,1120,login,200,"Number of samples in transaction : 1, number of failing samples : 0",Thread Group 1-1,,true,,5734,576,1,1,null,1120,2,747
1691591770109,270,sales_order_settings,200,,Thread Group 1-1,text,true,,1212,795,1,1,https://api.fishbowlonline.com/v1/sales_order_settings?expand=salesTax,270,0,0
1691591770380,2545,"https://api.fishbowlonline.com/v1/sales_orders?expand=salesOrderItems.saleItem.images,customer.customerAddresses.customerAddressContacts,salesTax,payments,exchangeCurrency,salesOrderItems.saleItem.item.itemTrackingTypes,salesOrderItems.saleItem.item.tags,salesOrderItems.saleItem.item.defaultUom.toConversions,salesOrderItems.saleItem.item.defaultUom.fromConversions,salesOrderItems.saleItem.defaultUom.fromConversions,salesOrderItems.saleItem.defaultUom.toConversions,salesOrderBundleItems.item.images,salesOrderBundleItems.salesOrderItems.saleItem.defaultUom,salesOrderBundleItems.salesOrderItems.saleItem.images",201,,Thread Group 1-1,text,true,,151404,10925,1,1,"https://api.fishbowlonline.com/v1/sales_orders?expand=salesOrderItems.saleItem.images,customer.customerAddresses.customerAddressContacts,salesTax,payments,exchangeCurrency,salesOrderItems.saleItem.item.itemTrackingTypes,salesOrderItems.saleItem.item.tags,salesOrderItems.saleItem.item.defaultUom.toConversions,salesOrderItems.saleItem.item.defaultUom.fromConversions,salesOrderItems.saleItem.defaultUom.fromConversions,salesOrderItems.saleItem.defaultUom.toConversions,salesOrderBundleItems.item.images,salesOrderBundleItems.salesOrderItems.saleItem.defaultUom,salesOrderBundleItems.salesOrderItems.saleItem.images",1379,0,0
1691591772927,3820,"https://api.fishbowlonline.com/v1/sales_orders/347/issue?expand=salesOrderItems.saleItem.images,customer.customerAddresses.customerAddressContacts,salesTax,payments,exchangeCurrency,salesOrderItems.saleItem.item.itemTrackingTypes,salesOrderItems.saleItem.item.tags,salesOrderItems.saleItem.item.defaultUom.toConversions,salesOrderItems.saleItem.item.defaultUom.fromConversions,salesOrderItems.saleItem.defaultUom.fromConversions,salesOrderItems.saleItem.defaultUom.toConversions,salesOrderBundleItems.item.images,salesOrderBundleItems.salesOrderItems.saleItem.defaultUom,salesOrderBundleItems.salesOrderItems.saleItem.images",200,,Thread Group 1-1,text,true,,154235,1460,1,1,https://api.fishbowlonline.com/v1/sales_orders/606/issue,3579,0,0
1691591776747,2568,"https://api.fishbowlonline.com/v1/sales_orders/347?expand=salesOrderItems.saleItem.images,customer.customerAddresses.customerAddressContacts,salesTax,payments,exchangeCurrency,salesOrderItems.saleItem.item.itemTrackingTypes,salesOrderItems.saleItem.item.tags,salesOrderItems.saleItem.item.defaultUom.toConversions,salesOrderItems.saleItem.item.defaultUom.fromConversions,salesOrderItems.saleItem.defaultUom.fromConversions,salesOrderItems.saleItem.defaultUom.toConversions,salesOrderBundleItems.item.images,salesOrderBundleItems.salesOrderItems.saleItem.defaultUom,salesOrderBundleItems.salesOrderItems.saleItem.images",200,,Thread Group 1-1,text,true,,154340,1369,1,1,https://api.fishbowlonline.com/v1/sales_orders/606?expand=salesOrderItems.saleItem.images%2Ccustomer.customerAddresses.customerAddressContacts%2CsalesTax%2Cpayments%2CexchangeCurrency%2CsalesOrderItems.saleItem.item.itemTrackingTypes%2CsalesOrderItems.saleItem.item.tags%2CsalesOrderItems.saleItem.item.defaultUom.toConversions%2CsalesOrderItems.saleItem.item.defaultUom.fromConversions%2CsalesOrderItems.saleItem.defaultUom.fromConversions%2CsalesOrderItems.saleItem.defaultUom.toConversions%2CsalesOrderBundleItems.item.images%2CsalesOrderBundleItems.salesOrderItems.saleItem.defaultUom%2CsalesOrderBundleItems.salesOrderItems.saleItem.images,2467,0,0
1691591770108,9203,add_so,200,"Number of samples in transaction : 4, number of failing samples : 0",Thread Group 1-1,,true,,461191,14549,1,1,null,7695,3,0
