timeStamp,elapsed,label,responseCode,responseMessage,threadName,dataType,success,failureMessage,bytes,sentBytes,grpThreads,allThreads,URL,Latency,IdleTime,Connect
1691664192882,851,https://api.fishbowlonline.com/v1/auth/authenticate,200,,Thread Group 1-1,text,true,,5734,575,1,1,https://api.fishbowlonline.com/v1/auth/authenticate,851,0,506
1691664192881,851,Login,200,"Number of samples in transaction : 1, number of failing samples : 0",Thread Group 1-1,,true,,5734,575,1,1,null,851,1,506
1691664193734,1287,receipts,200,,Thread Group 1-1,text,true,,555325,937,1,1,https://api.fishbowlonline.com/v1/receipts?quickSearchValue=&expand=salesOrder.customer%2CpurchaseOrder.vendor&quickSearchColumns=number%2Cstatus&pageNumber=1&pageSize=25&orderBy=number&ascending=false&status=Open,620,0,0
1691664195026,231,"https://api.fishbowlonline.com/v1/receipts/42?expand=purchaseOrder,purchaseOrder.fobPoint,receiptItems.purchaseOrderItem,receiptItems.location,receiptItems.item.images,receiptItems.item.itemUomConversions,receiptItems.uom.fromConversions,receiptItems.uom.toConversions,receiptItems.item.itemTrackingTypes.trackingType,receiptItems.item.itemLocations,salesOrder,salesOrder.exchangeCurrency",200,,Thread Group 1-1,text,true,,54647,1134,1,1,https://api.fishbowlonline.com/v1/receipts/88?expand=purchaseOrder%2CpurchaseOrder.fobPoint%2CreceiptItems.purchaseOrderItem%2CreceiptItems.location%2CreceiptItems.item.images%2CreceiptItems.item.itemUomConversions%2CreceiptItems.uom.fromConversions%2CreceiptItems.uom.toConversions%2CreceiptItems.item.itemTrackingTypes.trackingType%2CreceiptItems.item.itemLocations%2CsalesOrder%2CsalesOrder.exchangeCurrency,230,0,0
1691664195258,912,receive,200,,Thread Group 1-1,text,true,,54746,1511,1,1,"https://api.fishbowlonline.com/v1/receipts/88/receive?expand=purchaseOrder,purchaseOrder.fobPoint,receiptItems.purchaseOrderItem,receiptItems.location,receiptItems.item.images,receiptItems.item.itemUomConversions,receiptItems.uom.fromConversions,receiptItems.uom.toConversions,receiptItems.item.itemTrackingTypes.trackingType,receiptItems.item.itemLocations,salesOrder,salesOrder.exchangeCurrency",912,0,0
1691664196171,746,"https://api.fishbowlonline.com/v1/receipts?expand=salesOrder.customer,purchaseOrder.vendor&quickSearchValue=&quickSearchColumns=number,status&status=Open&pageNumber=1&pageSize=25&orderBy=number&ascending=false",200,,Thread Group 1-1,text,true,,538988,937,1,1,https://api.fishbowlonline.com/v1/receipts?quickSearchValue=&expand=salesOrder.customer%2CpurchaseOrder.vendor&quickSearchColumns=number%2Cstatus&pageNumber=1&pageSize=25&orderBy=number&ascending=false&status=Open,578,0,0
1691664196917,589, fulfill,200,,Thread Group 1-1,text,true,,55041,29839,1,1,"https://api.fishbowlonline.com/v1/receipts/88/fulfill?expand=purchaseOrder,purchaseOrder.fobPoint,receiptItems.purchaseOrderItem,receiptItems.location,receiptItems.item.images,receiptItems.item.itemUomConversions,receiptItems.uom.fromConversions,receiptItems.uom.toConversions,receiptItems.item.itemTrackingTypes.trackingType,receiptItems.item.itemLocations,salesOrder,salesOrder.exchangeCurrency",588,0,0
1691664193733,3765,po_recieving,200,"Number of samples in transaction : 5, number of failing samples : 0",Thread Group 1-1,,true,,1258747,34358,1,1,null,2928,8,0
