timeStamp,elapsed,label,responseCode,responseMessage,threadName,dataType,success,failureMessage,bytes,sentBytes,grpThreads,allThreads,URL,Latency,IdleTime,Connect
1691590920340,1177,https://api.fishbowlonline.com/v1/auth/authenticate,200,,Thread Group 1-1,text,true,,5734,575,1,1,https://api.fishbowlonline.com/v1/auth/authenticate,1177,0,770
1691590920339,1177,Login,200,"Number of samples in transaction : 1, number of failing samples : 0",Thread Group 1-1,,true,,5734,575,1,1,null,1177,1,770
1691590921518,2814,picks,200,,Thread Group 1-1,text,true,,1339069,1354,1,1,https://api.fishbowlonline.com/v1/picks?quickSearchValue=&expand=pickItems.salesOrderItem.saleItem%2CorderPriority%2CpickItems.salesOrderItem.salesOrder.customer%2CparentLocation%2CpickItems.purchaseOrderItem.purchaseOrder%2CpickBundleItems.pickItems.salesOrderItem.saleItem%2CorderPriority%2CpickBundleItems.pickItems.salesOrderItem.salesOrder.customer%2CparentLocation%2CpickBundleItems.pickItems.purchaseOrderItem.purchaseOrder&quickSearchColumns=number%2Cstatus%2CpickItems.salesOrderItem.salesOrder.customer%2CparentLocation.displayName%2CorderPriority.name&pageNumber=1&pageSize=25&orderBy=number&ascending=false&status=Open,620,0,0
1691590924338,654,"https://api.fishbowlonline.com/v1/picks/345?expand=pickItems.salesOrderItem.saleItem.images,pickItems.pickFromLocation,pickItems.pickToLocation,pickItems.item.images,pickItems.workOrderItem,pickItems.item.itemTrackingTypes.trackingType,pickItems.salesOrderItem.saleItem,pickItems.item.tags,pickItems.salesOrderItem.salesOrder.representative,pickItems.salesOrderItem.salesOrder.customer,pickItems.salesOrderItem.salesOrder.paymentTerm,pickBundleItems.pickItems.salesOrderItem.saleItem.images,pickBundleItems.pickItems.pickFromLocation,pickBundleItems.pickItems.item.images,pickBundleItems.pickItems.item.defaultUom,pickBundleItems.pickItems.item.tags,pickBundleItems.pickItems.item.itemTrackingTypes.trackingType,pickBundleItems.pickItems.salesOrderItem.saleItem,pickBundleItems.pickItems.salesOrderItem.salesOrder.representative,pickBundleItems.pickItems.salesOrderItem.salesOrder.customer,pickBundleItems.pickItems.salesOrderItem.salesOrder.paymentTerm",200,,Thread Group 1-1,text,true,,51051,1717,1,1,https://api.fishbowlonline.com/v1/picks/559?expand=pickItems.salesOrderItem.saleItem.images%2CpickItems.pickFromLocation%2CpickItems.pickToLocation%2CpickItems.item.images%2CpickItems.workOrderItem%2CpickItems.item.itemTrackingTypes.trackingType%2CpickItems.salesOrderItem.saleItem%2CpickItems.item.tags%2CpickItems.salesOrderItem.salesOrder.representative%2CpickItems.salesOrderItem.salesOrder.customer%2CpickItems.salesOrderItem.salesOrder.paymentTerm%2CpickBundleItems.pickItems.salesOrderItem.saleItem.images%2CpickBundleItems.pickItems.pickFromLocation%2CpickBundleItems.pickItems.item.images%2CpickBundleItems.pickItems.item.defaultUom%2CpickBundleItems.pickItems.item.tags%2CpickBundleItems.pickItems.item.itemTrackingTypes.trackingType%2CpickBundleItems.pickItems.salesOrderItem.saleItem%2CpickBundleItems.pickItems.salesOrderItem.salesOrder.representative%2CpickBundleItems.pickItems.salesOrderItem.salesOrder.customer%2CpickBundleItems.pickItems.salesOrderItem.salesOrder.paymentTerm,629,0,0
1691590924993,847,start,200,,Thread Group 1-1,text,true,,51137,1808,1,1,https://api.fishbowlonline.com/v1/picks/559/start,827,0,0
1691590925840,3333,commit,200,,Thread Group 1-1,text,true,,51187,2096,1,1,"https://api.fishbowlonline.com/v1/picks/559/commit?expand=pickItems.salesOrderItem.saleItem.images,pickItems.pickFromLocation,pickItems.pickToLocation,pickItems.item.images,pickItems.workOrderItem,pickItems.item.itemTrackingTypes.trackingType,pickItems.salesOrderItem.saleItem,pickItems.item.tags,pickItems.salesOrderItem.salesOrder.representative,pickItems.salesOrderItem.salesOrder.customer,pickItems.salesOrderItem.salesOrder.paymentTerm,pickBundleItems.pickItems.salesOrderItem.saleItem.images,pickBundleItems.pickItems.pickFromLocation,pickBundleItems.pickItems.item.images,pickBundleItems.pickItems.item.defaultUom,pickBundleItems.pickItems.item.tags,pickBundleItems.pickItems.item.itemTrackingTypes.trackingType,pickBundleItems.pickItems.salesOrderItem.saleItem,pickBundleItems.pickItems.salesOrderItem.salesOrder.representative,pickBundleItems.pickItems.salesOrderItem.salesOrder.customer,pickBundleItems.pickItems.salesOrderItem.salesOrder.paymentTerm",3315,0,0
1691590929173,1459,Finish,200,,Thread Group 1-1,text,true,,51254,2096,1,1,"https://api.fishbowlonline.com/v1/picks/559/finish?expand=pickItems.salesOrderItem.saleItem.images,pickItems.pickFromLocation,pickItems.pickToLocation,pickItems.item.images,pickItems.workOrderItem,pickItems.item.itemTrackingTypes.trackingType,pickItems.salesOrderItem.saleItem,pickItems.item.tags,pickItems.salesOrderItem.salesOrder.representative,pickItems.salesOrderItem.salesOrder.customer,pickItems.salesOrderItem.salesOrder.paymentTerm,pickBundleItems.pickItems.salesOrderItem.saleItem.images,pickBundleItems.pickItems.pickFromLocation,pickBundleItems.pickItems.item.images,pickBundleItems.pickItems.item.defaultUom,pickBundleItems.pickItems.item.tags,pickBundleItems.pickItems.item.itemTrackingTypes.trackingType,pickBundleItems.pickItems.salesOrderItem.saleItem,pickBundleItems.pickItems.salesOrderItem.salesOrder.representative,pickBundleItems.pickItems.salesOrderItem.salesOrder.customer,pickBundleItems.pickItems.salesOrderItem.salesOrder.paymentTerm",1418,0,0
1691590921518,9107,Picking,200,"Number of samples in transaction : 5, number of failing samples : 0",Thread Group 1-1,,true,,1543698,9071,1,1,null,6809,7,0
