{
  "https://api.fishbowlonline.com/v1/receipts?expand=salesOrder.customer,purchaseOrder.vendor&quickSearchValue=&quickSearchColumns=number,status&status=Open&pageNumber=1&pageSize=25&orderBy=number&ascending=false" : {
    "transaction" : "https://api.fishbowlonline.com/v1/receipts?expand=salesOrder.customer,purchaseOrder.vendor&quickSearchValue=&quickSearchColumns=number,status&status=Open&pageNumber=1&pageSize=25&orderBy=number&ascending=false",
    "sampleCount" : 1,
    "errorCount" : 0,
    "errorPct" : 0.0,
    "meanResTime" : 2771.0,
    "medianResTime" : 2771.0,
    "minResTime" : 2771.0,
    "maxResTime" : 2771.0,
    "pct1ResTime" : 2771.0,
    "pct2ResTime" : 2771.0,
    "pct3ResTime" : 2771.0,
    "throughput" : 0.36088054853843377,
    "receivedKBytesPerSec" : 227.9654936169253,
    "sentKBytesPerSec" : 0.3302197988090942
  },
  "receive" : {
    "transaction" : "receive",
    "sampleCount" : 1,
    "errorCount" : 0,
    "errorPct" : 0.0,
    "meanResTime" : 15599.0,
    "medianResTime" : 15599.0,
    "minResTime" : 15599.0,
    "maxResTime" : 15599.0,
    "pct1ResTime" : 15599.0,
    "pct2ResTime" : 15599.0,
    "pct3ResTime" : 15599.0,
    "throughput" : 0.06410667350471184,
    "receivedKBytesPerSec" : 30.249960934995833,
    "sentKBytesPerSec" : 0.28422294698378103
  },
  "https://api.fishbowlonline.com/v1/auth/authenticate" : {
    "transaction" : "https://api.fishbowlonline.com/v1/auth/authenticate",
    "sampleCount" : 1,
    "errorCount" : 0,
    "errorPct" : 0.0,
    "meanResTime" : 1202.0,
    "medianResTime" : 1202.0,
    "minResTime" : 1202.0,
    "maxResTime" : 1202.0,
    "pct1ResTime" : 1202.0,
    "pct2ResTime" : 1202.0,
    "pct3ResTime" : 1202.0,
    "throughput" : 0.831946755407654,
    "receivedKBytesPerSec" : 4.658576851081531,
    "sentKBytesPerSec" : 0.46715760191347755
  },
  "fulfill" : {
    "transaction" : "fulfill",
    "sampleCount" : 1,
    "errorCount" : 0,
    "errorPct" : 0.0,
    "meanResTime" : 7703.0,
    "medianResTime" : 7703.0,
    "minResTime" : 7703.0,
    "maxResTime" : 7703.0,
    "pct1ResTime" : 7703.0,
    "pct2ResTime" : 7703.0,
    "pct3ResTime" : 7703.0,
    "throughput" : 0.12981955082435415,
    "receivedKBytesPerSec" : 61.66580796442944,
    "sentKBytesPerSec" : 36.4914643645333
  },
  "https://api.fishbowlonline.com/v1/receipts/69?expand=purchaseOrder,purchaseOrder.fobPoint,receiptItems.purchaseOrderItem,receiptItems.location,receiptItems.item.images,receiptItems.item.itemUomConversions,receiptItems.uom.fromConversions,receiptItems.uom.toConversions,receiptItems.item.itemTrackingTypes.trackingType,receiptItems.item.itemLocations,salesOrder,salesOrder.exchangeCurrency" : {
    "transaction" : "https://api.fishbowlonline.com/v1/receipts/69?expand=purchaseOrder,purchaseOrder.fobPoint,receiptItems.purchaseOrderItem,receiptItems.location,receiptItems.item.images,receiptItems.item.itemUomConversions,receiptItems.uom.fromConversions,receiptItems.uom.toConversions,receiptItems.item.itemTrackingTypes.trackingType,receiptItems.item.itemLocations,salesOrder,salesOrder.exchangeCurrency",
    "sampleCount" : 1,
    "errorCount" : 0,
    "errorPct" : 0.0,
    "meanResTime" : 1341.0,
    "medianResTime" : 1341.0,
    "minResTime" : 1341.0,
    "maxResTime" : 1341.0,
    "pct1ResTime" : 1341.0,
    "pct2ResTime" : 1341.0,
    "pct3ResTime" : 1341.0,
    "throughput" : 0.7457121551081282,
    "receivedKBytesPerSec" : 351.15978630686055,
    "sentKBytesPerSec" : 0.8258179530201343
  },
  "Total" : {
    "transaction" : "Total",
    "sampleCount" : 5,
    "errorCount" : 0,
    "errorPct" : 0.0,
    "meanResTime" : 5723.2,
    "medianResTime" : 2771.0,
    "minResTime" : 1202.0,
    "maxResTime" : 15599.0,
    "pct1ResTime" : 15599.0,
    "pct2ResTime" : 15599.0,
    "pct3ResTime" : 15599.0,
    "throughput" : 0.1742585299550413,
    "receivedKBytesPerSec" : 71.62297860105252,
    "sentKBytesPerSec" : 10.041171300491408
  },
  "login" : {
    "transaction" : "login",
    "sampleCount" : 1,
    "errorCount" : 0,
    "errorPct" : 0.0,
    "meanResTime" : 1202.0,
    "medianResTime" : 1202.0,
    "minResTime" : 1202.0,
    "maxResTime" : 1202.0,
    "pct1ResTime" : 1202.0,
    "pct2ResTime" : 1202.0,
    "pct3ResTime" : 1202.0,
    "throughput" : 0.831946755407654,
    "receivedKBytesPerSec" : 4.658576851081531,
    "sentKBytesPerSec" : 0.46715760191347755
  },
  "po" : {
    "transaction" : "po",
    "sampleCount" : 1,
    "errorCount" : 0,
    "errorPct" : 0.0,
    "meanResTime" : 27414.0,
    "medianResTime" : 27414.0,
    "minResTime" : 27414.0,
    "maxResTime" : 27414.0,
    "pct1ResTime" : 27414.0,
    "pct2ResTime" : 27414.0,
    "pct3ResTime" : 27414.0,
    "throughput" : 0.036477712117895966,
    "receivedKBytesPerSec" : 74.7602872847815,
    "sentKBytesPerSec" : 10.489158994947836
  }
}