{
  "https://api.fishbowlonline.com/v1/auth/authenticate" : {
    "transaction" : "https://api.fishbowlonline.com/v1/auth/authenticate",
    "sampleCount" : 1,
    "errorCount" : 0,
    "errorPct" : 0.0,
    "meanResTime" : 943.0,
    "medianResTime" : 943.0,
    "minResTime" : 943.0,
    "maxResTime" : 943.0,
    "pct1ResTime" : 943.0,
    "pct2ResTime" : 943.0,
    "pct3ResTime" : 943.0,
    "throughput" : 1.0604453870625663,
    "receivedKBytesPerSec" : 5.938079931071051,
    "sentKBytesPerSec" : 0.5954649390243902
  },
  "https://api.fishbowlonline.com/v1/sales_orders?expand=salesOrderItems.saleItem.images,customer.customerAddresses.customerAddressContacts,salesTax,payments,exchangeCurrency,salesOrderItems.saleItem.item.itemTrackingTypes,salesOrderItems.saleItem.item.tags,salesOrderItems.saleItem.item.defaultUom.toConversions,salesOrderItems.saleItem.item.defaultUom.fromConversions,salesOrderItems.saleItem.defaultUom.fromConversions,salesOrderItems.saleItem.defaultUom.toConversions,salesOrderBundleItems.item.images,salesOrderBundleItems.salesOrderItems.saleItem.defaultUom,salesOrderBundleItems.salesOrderItems.saleItem.images" : {
    "transaction" : "https://api.fishbowlonline.com/v1/sales_orders?expand=salesOrderItems.saleItem.images,customer.customerAddresses.customerAddressContacts,salesTax,payments,exchangeCurrency,salesOrderItems.saleItem.item.itemTrackingTypes,salesOrderItems.saleItem.item.tags,salesOrderItems.saleItem.item.defaultUom.toConversions,salesOrderItems.saleItem.item.defaultUom.fromConversions,salesOrderItems.saleItem.defaultUom.fromConversions,salesOrderItems.saleItem.defaultUom.toConversions,salesOrderBundleItems.item.images,salesOrderBundleItems.salesOrderItems.saleItem.defaultUom,salesOrderBundleItems.salesOrderItems.saleItem.images",
    "sampleCount" : 1,
    "errorCount" : 0,
    "errorPct" : 0.0,
    "meanResTime" : 329.0,
    "medianResTime" : 329.0,
    "minResTime" : 329.0,
    "maxResTime" : 329.0,
    "pct1ResTime" : 329.0,
    "pct2ResTime" : 329.0,
    "pct3ResTime" : 329.0,
    "throughput" : 3.0395136778115504,
    "receivedKBytesPerSec" : 60.59733567629179,
    "sentKBytesPerSec" : 10.644234422492401
  },
  "Total" : {
    "transaction" : "Total",
    "sampleCount" : 6,
    "errorCount" : 0,
    "errorPct" : 0.0,
    "meanResTime" : 2480.0,
    "medianResTime" : 705.5,
    "minResTime" : 205.0,
    "maxResTime" : 9247.0,
    "pct1ResTime" : 9247.0,
    "pct2ResTime" : 9247.0,
    "pct3ResTime" : 9247.0,
    "throughput" : 0.40309035942223714,
    "receivedKBytesPerSec" : 38.770088910816256,
    "sentKBytesPerSec" : 0.5849533926771918
  },
  "quick_fulfill" : {
    "transaction" : "quick_fulfill",
    "sampleCount" : 1,
    "errorCount" : 0,
    "errorPct" : 0.0,
    "meanResTime" : 9247.0,
    "medianResTime" : 9247.0,
    "minResTime" : 9247.0,
    "maxResTime" : 9247.0,
    "pct1ResTime" : 9247.0,
    "pct2ResTime" : 9247.0,
    "pct3ResTime" : 9247.0,
    "throughput" : 0.10814318157240185,
    "receivedKBytesPerSec" : 2.4730360184384126,
    "sentKBytesPerSec" : 0.15492778063155618
  },
  "sales_order_settings " : {
    "transaction" : "sales_order_settings ",
    "sampleCount" : 1,
    "errorCount" : 0,
    "errorPct" : 0.0,
    "meanResTime" : 205.0,
    "medianResTime" : 205.0,
    "minResTime" : 205.0,
    "maxResTime" : 205.0,
    "pct1ResTime" : 205.0,
    "pct2ResTime" : 205.0,
    "pct3ResTime" : 205.0,
    "throughput" : 4.878048780487805,
    "receivedKBytesPerSec" : 5.7736280487804885,
    "sentKBytesPerSec" : 3.782393292682927
  },
  "https://api.fishbowlonline.com/v1/sales_orders/255?expand=salesOrderItems.saleItem.images,customer.customerAddresses.customerAddressContacts,salesTax,payments,exchangeCurrency,salesOrderItems.saleItem.item.itemTrackingTypes,salesOrderItems.saleItem.item.tags,salesOrderItems.saleItem.item.defaultUom.toConversions,salesOrderItems.saleItem.item.defaultUom.fromConversions,salesOrderItems.saleItem.defaultUom.fromConversions,salesOrderItems.saleItem.defaultUom.toConversions,salesOrderBundleItems.item.images,salesOrderBundleItems.salesOrderItems.saleItem.defaultUom,salesOrderBundleItems.salesOrderItems.saleItem.images" : {
    "transaction" : "https://api.fishbowlonline.com/v1/sales_orders/255?expand=salesOrderItems.saleItem.images,customer.customerAddresses.customerAddressContacts,salesTax,payments,exchangeCurrency,salesOrderItems.saleItem.item.itemTrackingTypes,salesOrderItems.saleItem.item.tags,salesOrderItems.saleItem.item.defaultUom.toConversions,salesOrderItems.saleItem.item.defaultUom.fromConversions,salesOrderItems.saleItem.defaultUom.fromConversions,salesOrderItems.saleItem.defaultUom.toConversions,salesOrderBundleItems.item.images,salesOrderBundleItems.salesOrderItems.saleItem.defaultUom,salesOrderBundleItems.salesOrderItems.saleItem.images",
    "sampleCount" : 1,
    "errorCount" : 0,
    "errorPct" : 0.0,
    "meanResTime" : 468.0,
    "medianResTime" : 468.0,
    "minResTime" : 468.0,
    "maxResTime" : 468.0,
    "pct1ResTime" : 468.0,
    "pct2ResTime" : 468.0,
    "pct3ResTime" : 468.0,
    "throughput" : 2.136752136752137,
    "receivedKBytesPerSec" : 48.86568509615385,
    "sentKBytesPerSec" : 2.8545673076923075
  },
  "Login" : {
    "transaction" : "Login",
    "sampleCount" : 1,
    "errorCount" : 0,
    "errorPct" : 0.0,
    "meanResTime" : 943.0,
    "medianResTime" : 943.0,
    "minResTime" : 943.0,
    "maxResTime" : 943.0,
    "pct1ResTime" : 943.0,
    "pct2ResTime" : 943.0,
    "pct3ResTime" : 943.0,
    "throughput" : 1.0604453870625663,
    "receivedKBytesPerSec" : 5.938079931071051,
    "sentKBytesPerSec" : 0.5954649390243902
  },
  "SO_QF" : {
    "transaction" : "SO_QF",
    "sampleCount" : 1,
    "errorCount" : 0,
    "errorPct" : 0.0,
    "meanResTime" : 13937.0,
    "medianResTime" : 13937.0,
    "minResTime" : 13937.0,
    "maxResTime" : 13937.0,
    "pct1ResTime" : 13937.0,
    "pct2ResTime" : 13937.0,
    "pct3ResTime" : 13937.0,
    "throughput" : 0.07175145296692258,
    "receivedKBytesPerSec" : 41.00546488214824,
    "sentKBytesPerSec" : 0.5844520207002942
  },
  "sales_orders" : {
    "transaction" : "sales_orders",
    "sampleCount" : 1,
    "errorCount" : 0,
    "errorPct" : 0.0,
    "meanResTime" : 3688.0,
    "medianResTime" : 3688.0,
    "minResTime" : 3688.0,
    "maxResTime" : 3688.0,
    "pct1ResTime" : 3688.0,
    "pct2ResTime" : 3688.0,
    "pct3ResTime" : 3688.0,
    "throughput" : 0.27114967462039047,
    "receivedKBytesPerSec" : 136.83181729595987,
    "sentKBytesPerSec" : 0.2981587242407809
  }
}