timeStamp,elapsed,label,responseCode,responseMessage,threadName,dataType,success,failureMessage,bytes,sentBytes,grpThreads,allThreads,URL,Latency,IdleTime,Connect
1691590635173,1159,https://api.fishbowlonline.com/v1/auth/authenticate,200,,Thread Group 1-1,text,true,,5734,575,1,1,https://api.fishbowlonline.com/v1/auth/authenticate,1159,0,733
1691590635173,1159,Login,200,"Number of samples in transaction : 1, number of failing samples : 0",Thread Group 1-1,,true,,5734,575,1,1,null,1159,1,733
1691590636334,273,sales_order_settings? ,200,,Thread Group 1-1,text,true,,1212,794,1,1,https://api.fishbowlonline.com/v1/sales_order_settings?expand=salesTax,273,0,0
1691590636608,985,"https://api.fishbowlonline.com/v1/sales_orders?expand=salesOrderItems.saleItem.images,customer.customerAddresses.customerAddressContacts,salesTax,payments,exchangeCurrency,salesOrderItems.saleItem.item.itemTrackingTypes,salesOrderItems.saleItem.item.tags,salesOrderItems.saleItem.item.defaultUom.toConversions,salesOrderItems.saleItem.item.defaultUom.fromConversions,salesOrderItems.saleItem.defaultUom.fromConversions,salesOrderItems.saleItem.defaultUom.toConversions,salesOrderBundleItems.item.images,salesOrderBundleItems.salesOrderItems.saleItem.defaultUom,salesOrderBundleItems.salesOrderItems.saleItem.images",201,,Thread Group 1-1,text,true,,20408,3582,1,1,"https://api.fishbowlonline.com/v1/sales_orders?expand=salesOrderItems.saleItem.images,customer.customerAddresses.customerAddressContacts,salesTax,payments,exchangeCurrency,salesOrderItems.saleItem.item.itemTrackingTypes,salesOrderItems.saleItem.item.tags,salesOrderItems.saleItem.item.defaultUom.toConversions,salesOrderItems.saleItem.item.defaultUom.fromConversions,salesOrderItems.saleItem.defaultUom.fromConversions,salesOrderItems.saleItem.defaultUom.toConversions,salesOrderBundleItems.item.images,salesOrderBundleItems.salesOrderItems.saleItem.defaultUom,salesOrderBundleItems.salesOrderItems.saleItem.images",529,0,0
1691590637594,936,"https://api.fishbowlonline.com/v1/sales_orders/347/issue?expand=salesOrderItems.saleItem.images,customer.customerAddresses.customerAddressContacts,salesTax,payments,exchangeCurrency,salesOrderItems.saleItem.item.itemTrackingTypes,salesOrderItems.saleItem.item.tags,salesOrderItems.saleItem.item.defaultUom.toConversions,salesOrderItems.saleItem.item.defaultUom.fromConversions,salesOrderItems.saleItem.defaultUom.fromConversions,salesOrderItems.saleItem.defaultUom.toConversions,salesOrderBundleItems.item.images,salesOrderBundleItems.salesOrderItems.saleItem.defaultUom,salesOrderBundleItems.salesOrderItems.saleItem.images",200,,Thread Group 1-1,text,true,,23269,1459,1,1,https://api.fishbowlonline.com/v1/sales_orders/604/issue,703,0,0
1691590638531,517,"https://api.fishbowlonline.com/v1/sales_orders/347?expand=salesOrderItems.saleItem.images,customer.customerAddresses.customerAddressContacts,salesTax,payments,exchangeCurrency,salesOrderItems.saleItem.item.itemTrackingTypes,salesOrderItems.saleItem.item.tags,salesOrderItems.saleItem.item.defaultUom.toConversions,salesOrderItems.saleItem.item.defaultUom.fromConversions,salesOrderItems.saleItem.defaultUom.fromConversions,salesOrderItems.saleItem.defaultUom.toConversions,salesOrderBundleItems.item.images,salesOrderBundleItems.salesOrderItems.saleItem.defaultUom,salesOrderBundleItems.salesOrderItems.saleItem.images",200,,Thread Group 1-1,text,true,,23248,1368,1,1,https://api.fishbowlonline.com/v1/sales_orders/604?expand=salesOrderItems.saleItem.images%2Ccustomer.customerAddresses.customerAddressContacts%2CsalesTax%2Cpayments%2CexchangeCurrency%2CsalesOrderItems.saleItem.item.itemTrackingTypes%2CsalesOrderItems.saleItem.item.tags%2CsalesOrderItems.saleItem.item.defaultUom.toConversions%2CsalesOrderItems.saleItem.item.defaultUom.fromConversions%2CsalesOrderItems.saleItem.defaultUom.fromConversions%2CsalesOrderItems.saleItem.defaultUom.toConversions%2CsalesOrderBundleItems.item.images%2CsalesOrderBundleItems.salesOrderItems.saleItem.defaultUom%2CsalesOrderBundleItems.salesOrderItems.saleItem.images,513,0,0
1691590636334,2711,add_so,200,"Number of samples in transaction : 4, number of failing samples : 0",Thread Group 1-1,,true,,68137,7203,1,1,null,2018,4,0
