timeStamp,elapsed,label,responseCode,responseMessage,threadName,dataType,success,failureMessage,bytes,sentBytes,grpThreads,allThreads,URL,Latency,IdleTime,Connect
1691577674049,1176,https://api.fishbowlonline.com/v1/auth/authenticate,200,,Thread Group 1-1,text,true,,5734,575,1,1,https://api.fishbowlonline.com/v1/auth/authenticate,1176,0,769
1691577674049,1176,login,200,"Number of samples in transaction : 1, number of failing samples : 0",Thread Group 1-1,,true,,5734,575,1,1,null,1176,0,769
1691577675226,299,purchase_order_settings? ,200,,Thread Group 1-1,text,true,,1014,800,1,1,https://api.fishbowlonline.com/v1/purchase_order_settings?expand=purchaseTax,299,0,0
1691577675525,329,next_po_number,200,,Thread Group 1-1,text,true,,453,788,1,1,https://api.fishbowlonline.com/v1/purchase_orders/next_po_number,329,0,0
1691577675854,514,"https://api.fishbowlonline.com/v1/purchase_orders?expand=purchaseOrderItems.item.images,purchaseOrderItems.item.vendorItems,purchaseOrderItems.item.itemTrackingTypes,purchaseOrderItems.item.defaultUom.fromConversions,purchaseOrderItems.item.defaultUom.toConversions,vendor.currency",201,,Thread Group 1-1,text,true,,15732,2796,1,1,"https://api.fishbowlonline.com/v1/purchase_orders?expand=purchaseOrderItems.item.images,purchaseOrderItems.item.vendorItems,purchaseOrderItems.item.itemTrackingTypes,purchaseOrderItems.item.defaultUom.fromConversions,purchaseOrderItems.item.defaultUom.toConversions,vendor.currency",508,0,0
1691577676368,4959,"https://api.fishbowlonline.com/v1/purchase_orders?quickSearchValue=&quickSearchColumns=number,purchaseOrderStatus,vendor.name,buyer.firstName&expand=buyer,purchaseOrderItems&pageNumber=1&pageSize=25&orderBy=number&ascending=false",200,,Thread Group 1-1,text,true,,1737761,961,1,1,https://api.fishbowlonline.com/v1/purchase_orders?quickSearchValue=&expand=buyer%2CpurchaseOrderItems&quickSearchColumns=number%2CpurchaseOrderStatus%2Cvendor.name%2Cbuyer.firstName&pageNumber=1&pageSize=25&orderBy=number&ascending=false,394,0,0
1691577681333,535,issue,200,,Thread Group 1-1,text,true,,15785,1109,1,1,https://api.fishbowlonline.com/v1/purchase_orders/82/issue,526,0,0
1691577681869,350,"https://api.fishbowlonline.com/v1/purchase_orders/37?expand=purchaseOrderItems.item.images,purchaseOrderItems.item.vendorItems,purchaseOrderItems.item.itemTrackingTypes,purchaseOrderItems.item.defaultUom.fromConversions,purchaseOrderItems.item.defaultUom.toConversions,vendor.currency",200,,Thread Group 1-1,text,true,,15778,1018,1,1,https://api.fishbowlonline.com/v1/purchase_orders/82?expand=purchaseOrderItems.item.images%2CpurchaseOrderItems.item.vendorItems%2CpurchaseOrderItems.item.itemTrackingTypes%2CpurchaseOrderItems.item.defaultUom.fromConversions%2CpurchaseOrderItems.item.defaultUom.toConversions%2Cvendor.currency,348,0,0
1691577675226,6986,po,200,"Number of samples in transaction : 6, number of failing samples : 0",Thread Group 1-1,,true,,1786523,7472,1,1,null,2404,9,0
