timeStamp,elapsed,label,responseCode,responseMessage,threadName,dataType,success,failureMessage,bytes,sentBytes,grpThreads,allThreads,URL,Latency,IdleTime,Connect
1691576886730,1210,https://api.fishbowlonline.com/v1/auth/authenticate,200,,Thread Group 1-1,text,true,,5734,576,1,1,https://api.fishbowlonline.com/v1/auth/authenticate,1209,0,797
1691576887940,291,https://api.fishbowlonline.com/v1/company,200,,Thread Group 1-1,text,true,,4854,766,1,1,https://api.fishbowlonline.com/v1/company,291,0,0
1691576886729,1501,login,200,"Number of samples in transaction : 2, number of failing samples : 0",Thread Group 1-1,,true,,10588,1342,1,1,null,1500,2,797
1691576888232,296,sales_order_settings,200,,Thread Group 1-1,text,true,,1212,795,1,1,https://api.fishbowlonline.com/v1/sales_order_settings?expand=salesTax,287,0,0
1691576888529,1659,"https://api.fishbowlonline.com/v1/sales_orders?quickSearchValue=&quickSearchColumns=number,salesOrderStatus,customer.name,representative.firstName,location.name&expand=customer,representative,location,salesOrderItems,%20salesOrderBundleItems,%20salesOrderBundleItems.salesOrderItems,%20salesOrderBundleItems.salesOrderItems.saleItem&pageNumber=1&pageSize=25&orderBy=number&ascending=false",200,,Thread Group 1-1,text,true,,346372,1127,1,1,https://api.fishbowlonline.com/v1/sales_orders?quickSearchValue=&expand=customer%2Crepresentative%2Clocation%2CsalesOrderItems%2C+salesOrderBundleItems%2C+salesOrderBundleItems.salesOrderItems%2C+salesOrderBundleItems.salesOrderItems.saleItem&quickSearchColumns=number%2CsalesOrderStatus%2Ccustomer.name%2Crepresentative.firstName%2Clocation.name&pageNumber=1&pageSize=25&orderBy=number&ascending=false,542,0,0
1691576890190,1250,"https://api.fishbowlonline.com/v1/sales_orders?expand=salesOrderItems.saleItem.images,customer.customerAddresses.customerAddressContacts,salesTax,payments,exchangeCurrency,salesOrderItems.saleItem.item.itemTrackingTypes,salesOrderItems.saleItem.item.tags,salesOrderItems.saleItem.item.defaultUom.toConversions,salesOrderItems.saleItem.item.defaultUom.fromConversions,salesOrderItems.saleItem.defaultUom.fromConversions,salesOrderItems.saleItem.defaultUom.toConversions,salesOrderBundleItems.item.images,salesOrderBundleItems.salesOrderItems.saleItem.defaultUom,salesOrderBundleItems.salesOrderItems.saleItem.images",201,,Thread Group 1-1,text,true,,151436,10925,1,1,"https://api.fishbowlonline.com/v1/sales_orders?expand=salesOrderItems.saleItem.images,customer.customerAddresses.customerAddressContacts,salesTax,payments,exchangeCurrency,salesOrderItems.saleItem.item.itemTrackingTypes,salesOrderItems.saleItem.item.tags,salesOrderItems.saleItem.item.defaultUom.toConversions,salesOrderItems.saleItem.item.defaultUom.fromConversions,salesOrderItems.saleItem.defaultUom.fromConversions,salesOrderItems.saleItem.defaultUom.toConversions,salesOrderBundleItems.item.images,salesOrderBundleItems.salesOrderItems.saleItem.defaultUom,salesOrderBundleItems.salesOrderItems.saleItem.images",964,0,0
1691576891441,87939,quick_fulfill,200,,Thread Group 1-1,text,true,,155498,1468,1,1,https://api.fishbowlonline.com/v1/sales_orders/601/quick_fulfill,87680,0,0
1691576888232,91144,add_so,200,"Number of samples in transaction : 4, number of failing samples : 0",Thread Group 1-1,,true,,654518,14315,1,1,null,89473,4,0
