{
  "https://api.fishbowlonline.com/v1/auth/authenticate" : {
    "transaction" : "https://api.fishbowlonline.com/v1/auth/authenticate",
    "sampleCount" : 1,
    "errorCount" : 0,
    "errorPct" : 0.0,
    "meanResTime" : 822.0,
    "medianResTime" : 822.0,
    "minResTime" : 822.0,
    "maxResTime" : 822.0,
    "pct1ResTime" : 822.0,
    "pct2ResTime" : 822.0,
    "pct3ResTime" : 822.0,
    "throughput" : 1.2165450121654502,
    "receivedKBytesPerSec" : 6.812176855231144,
    "sentKBytesPerSec" : 0.6843065693430658
  },
  "https://api.fishbowlonline.com/v1/picks/379/commit?expand=pickItems.salesOrderItem.saleItem.images,pickItems.pickFromLocation,pickItems.pickToLocation,pickItems.item.images,pickItems.workOrderItem,pickItems.item.itemTrackingTypes.trackingType,pickItems.salesOrderItem.saleItem,pickItems.item.tags,pickItems.salesOrderItem.salesOrder.representative,pickItems.salesOrderItem.salesOrder.customer,pickItems.salesOrderItem.salesOrder.paymentTerm,pickBundleItems.pickItems.salesOrderItem.saleItem.images,pickBundleItems.pickItems.pickFromLocation,pickBundleItems.pickItems.item.images,pickBundleItems.pickItems.item.defaultUom,pickBundleItems.pickItems.item.tags,pickBundleItems.pickItems.item.itemTrackingTypes.trackingType,pickBundleItems.pickItems.salesOrderItem.saleItem,pickBundleItems.pickItems.salesOrderItem.salesOrder.representative,pickBundleItems.pickItems.salesOrderItem.salesOrder.customer,pickBundleItems.pickItems.salesOrderItem.salesOrder.paymentTerm" : {
    "transaction" : "https://api.fishbowlonline.com/v1/picks/379/commit?expand=pickItems.salesOrderItem.saleItem.images,pickItems.pickFromLocation,pickItems.pickToLocation,pickItems.item.images,pickItems.workOrderItem,pickItems.item.itemTrackingTypes.trackingType,pickItems.salesOrderItem.saleItem,pickItems.item.tags,pickItems.salesOrderItem.salesOrder.representative,pickItems.salesOrderItem.salesOrder.customer,pickItems.salesOrderItem.salesOrder.paymentTerm,pickBundleItems.pickItems.salesOrderItem.saleItem.images,pickBundleItems.pickItems.pickFromLocation,pickBundleItems.pickItems.item.images,pickBundleItems.pickItems.item.defaultUom,pickBundleItems.pickItems.item.tags,pickBundleItems.pickItems.item.itemTrackingTypes.trackingType,pickBundleItems.pickItems.salesOrderItem.saleItem,pickBundleItems.pickItems.salesOrderItem.salesOrder.representative,pickBundleItems.pickItems.salesOrderItem.salesOrder.customer,pickBundleItems.pickItems.salesOrderItem.salesOrder.paymentTerm",
    "sampleCount" : 1,
    "errorCount" : 0,
    "errorPct" : 0.0,
    "meanResTime" : 41381.0,
    "medianResTime" : 41381.0,
    "minResTime" : 41381.0,
    "maxResTime" : 41381.0,
    "pct1ResTime" : 41381.0,
    "pct2ResTime" : 41381.0,
    "pct3ResTime" : 41381.0,
    "throughput" : 0.024165679901404027,
    "receivedKBytesPerSec" : 10.009759725175805,
    "sentKBytesPerSec" : 0.12533586519175466
  },
  "https://api.fishbowlonline.com/v1/picks/379?expand=pickItems.salesOrderItem.saleItem.images,pickItems.pickFromLocation,pickItems.pickToLocation,pickItems.item.images,pickItems.workOrderItem,pickItems.item.itemTrackingTypes.trackingType,pickItems.salesOrderItem.saleItem,pickItems.item.tags,pickItems.salesOrderItem.salesOrder.representative,pickItems.salesOrderItem.salesOrder.customer,pickItems.salesOrderItem.salesOrder.paymentTerm,pickBundleItems.pickItems.salesOrderItem.saleItem.images,pickBundleItems.pickItems.pickFromLocation,pickBundleItems.pickItems.item.images,pickBundleItems.pickItems.item.defaultUom,pickBundleItems.pickItems.item.tags,pickBundleItems.pickItems.item.itemTrackingTypes.trackingType,pickBundleItems.pickItems.salesOrderItem.saleItem,pickBundleItems.pickItems.salesOrderItem.salesOrder.representative,pickBundleItems.pickItems.salesOrderItem.salesOrder.customer,pickBundleItems.pickItems.salesOrderItem.salesOrder.paymentTerm" : {
    "transaction" : "https://api.fishbowlonline.com/v1/picks/379?expand=pickItems.salesOrderItem.saleItem.images,pickItems.pickFromLocation,pickItems.pickToLocation,pickItems.item.images,pickItems.workOrderItem,pickItems.item.itemTrackingTypes.trackingType,pickItems.salesOrderItem.saleItem,pickItems.item.tags,pickItems.salesOrderItem.salesOrder.representative,pickItems.salesOrderItem.salesOrder.customer,pickItems.salesOrderItem.salesOrder.paymentTerm,pickBundleItems.pickItems.salesOrderItem.saleItem.images,pickBundleItems.pickItems.pickFromLocation,pickBundleItems.pickItems.item.images,pickBundleItems.pickItems.item.defaultUom,pickBundleItems.pickItems.item.tags,pickBundleItems.pickItems.item.itemTrackingTypes.trackingType,pickBundleItems.pickItems.salesOrderItem.saleItem,pickBundleItems.pickItems.salesOrderItem.salesOrder.representative,pickBundleItems.pickItems.salesOrderItem.salesOrder.customer,pickBundleItems.pickItems.salesOrderItem.salesOrder.paymentTerm",
    "sampleCount" : 1,
    "errorCount" : 0,
    "errorPct" : 0.0,
    "meanResTime" : 3083.0,
    "medianResTime" : 3083.0,
    "minResTime" : 3083.0,
    "maxResTime" : 3083.0,
    "pct1ResTime" : 3083.0,
    "pct2ResTime" : 3083.0,
    "pct3ResTime" : 3083.0,
    "throughput" : 0.3243593902043464,
    "receivedKBytesPerSec" : 134.08301319737268,
    "sentKBytesPerSec" : 0.5441888987998702
  },
  "pick" : {
    "transaction" : "pick",
    "sampleCount" : 1,
    "errorCount" : 0,
    "errorPct" : 0.0,
    "meanResTime" : 72902.0,
    "medianResTime" : 72902.0,
    "minResTime" : 72902.0,
    "maxResTime" : 72902.0,
    "pct1ResTime" : 72902.0,
    "pct2ResTime" : 72902.0,
    "pct3ResTime" : 72902.0,
    "throughput" : 0.013717044799868317,
    "receivedKBytesPerSec" : 49.138861609592325,
    "sentKBytesPerSec" : 0.20768463142300622
  },
  "Total" : {
    "transaction" : "Total",
    "sampleCount" : 6,
    "errorCount" : 0,
    "errorPct" : 0.0,
    "meanResTime" : 12287.333333333334,
    "medianResTime" : 6010.0,
    "minResTime" : 822.0,
    "maxResTime" : 41381.0,
    "pct1ResTime" : 41381.0,
    "pct2ResTime" : 41381.0,
    "pct3ResTime" : 41381.0,
    "throughput" : 0.08130521979511085,
    "receivedKBytesPerSec" : 48.61944954248875,
    "sentKBytesPerSec" : 0.21279100493251665
  },
  "https://api.fishbowlonline.com/v1/picks/379/finish?expand=pickItems.salesOrderItem.saleItem.images,pickItems.pickFromLocation,pickItems.pickToLocation,pickItems.item.images,pickItems.workOrderItem,pickItems.item.itemTrackingTypes.trackingType,pickItems.salesOrderItem.saleItem,pickItems.item.tags,pickItems.salesOrderItem.salesOrder.representative,pickItems.salesOrderItem.salesOrder.customer,pickItems.salesOrderItem.salesOrder.paymentTerm,pickBundleItems.pickItems.salesOrderItem.saleItem.images,pickBundleItems.pickItems.pickFromLocation,pickBundleItems.pickItems.item.images,pickBundleItems.pickItems.item.defaultUom,pickBundleItems.pickItems.item.tags,pickBundleItems.pickItems.item.itemTrackingTypes.trackingType,pickBundleItems.pickItems.salesOrderItem.saleItem,pickBundleItems.pickItems.salesOrderItem.salesOrder.representative,pickBundleItems.pickItems.salesOrderItem.salesOrder.customer,pickBundleItems.pickItems.salesOrderItem.salesOrder.paymentTerm" : {
    "transaction" : "https://api.fishbowlonline.com/v1/picks/379/finish?expand=pickItems.salesOrderItem.saleItem.images,pickItems.pickFromLocation,pickItems.pickToLocation,pickItems.item.images,pickItems.workOrderItem,pickItems.item.itemTrackingTypes.trackingType,pickItems.salesOrderItem.saleItem,pickItems.item.tags,pickItems.salesOrderItem.salesOrder.representative,pickItems.salesOrderItem.salesOrder.customer,pickItems.salesOrderItem.salesOrder.paymentTerm,pickBundleItems.pickItems.salesOrderItem.saleItem.images,pickBundleItems.pickItems.pickFromLocation,pickBundleItems.pickItems.item.images,pickBundleItems.pickItems.item.defaultUom,pickBundleItems.pickItems.item.tags,pickBundleItems.pickItems.item.itemTrackingTypes.trackingType,pickBundleItems.pickItems.salesOrderItem.saleItem,pickBundleItems.pickItems.salesOrderItem.salesOrder.representative,pickBundleItems.pickItems.salesOrderItem.salesOrder.customer,pickBundleItems.pickItems.salesOrderItem.salesOrder.paymentTerm",
    "sampleCount" : 1,
    "errorCount" : 0,
    "errorPct" : 0.0,
    "meanResTime" : 16418.0,
    "medianResTime" : 16418.0,
    "minResTime" : 16418.0,
    "maxResTime" : 16418.0,
    "pct1ResTime" : 16418.0,
    "pct2ResTime" : 16418.0,
    "pct3ResTime" : 16418.0,
    "throughput" : 0.06090875867949811,
    "receivedKBytesPerSec" : 25.284391559568768,
    "sentKBytesPerSec" : 0.31590470444024854
  },
  "start" : {
    "transaction" : "start",
    "sampleCount" : 1,
    "errorCount" : 0,
    "errorPct" : 0.0,
    "meanResTime" : 3516.0,
    "medianResTime" : 3516.0,
    "minResTime" : 3516.0,
    "maxResTime" : 3516.0,
    "pct1ResTime" : 3516.0,
    "pct2ResTime" : 3516.0,
    "pct3ResTime" : 3516.0,
    "throughput" : 0.2844141069397042,
    "receivedKBytesPerSec" : 117.78965799203641,
    "sentKBytesPerSec" : 0.5024464057167235
  },
  "picks" : {
    "transaction" : "picks",
    "sampleCount" : 1,
    "errorCount" : 0,
    "errorPct" : 0.0,
    "meanResTime" : 8504.0,
    "medianResTime" : 8504.0,
    "minResTime" : 8504.0,
    "maxResTime" : 8504.0,
    "pct1ResTime" : 8504.0,
    "pct2ResTime" : 8504.0,
    "pct3ResTime" : 8504.0,
    "throughput" : 0.1175917215428034,
    "receivedKBytesPerSec" : 226.41838123971073,
    "sentKBytesPerSec" : 0.15560232684619005
  },
  "login" : {
    "transaction" : "login",
    "sampleCount" : 1,
    "errorCount" : 0,
    "errorPct" : 0.0,
    "meanResTime" : 822.0,
    "medianResTime" : 822.0,
    "minResTime" : 822.0,
    "maxResTime" : 822.0,
    "pct1ResTime" : 822.0,
    "pct2ResTime" : 822.0,
    "pct3ResTime" : 822.0,
    "throughput" : 1.2165450121654502,
    "receivedKBytesPerSec" : 6.812176855231144,
    "sentKBytesPerSec" : 0.6843065693430658
  }
}