{
  "https://api.fishbowlonline.com/v1/auth/authenticate" : {
    "transaction" : "https://api.fishbowlonline.com/v1/auth/authenticate",
    "sampleCount" : 1,
    "errorCount" : 0,
    "errorPct" : 0.0,
    "meanResTime" : 908.0,
    "medianResTime" : 908.0,
    "minResTime" : 908.0,
    "maxResTime" : 908.0,
    "pct1ResTime" : 908.0,
    "pct2ResTime" : 908.0,
    "pct3ResTime" : 908.0,
    "throughput" : 1.1013215859030838,
    "receivedKBytesPerSec" : 6.166970677312775,
    "sentKBytesPerSec" : 0.6194933920704846
  },
  "sales_order_settings" : {
    "transaction" : "sales_order_settings",
    "sampleCount" : 1,
    "errorCount" : 0,
    "errorPct" : 0.0,
    "meanResTime" : 208.0,
    "medianResTime" : 208.0,
    "minResTime" : 208.0,
    "maxResTime" : 208.0,
    "pct1ResTime" : 208.0,
    "pct2ResTime" : 208.0,
    "pct3ResTime" : 208.0,
    "throughput" : 4.807692307692308,
    "receivedKBytesPerSec" : 5.6903545673076925,
    "sentKBytesPerSec" : 3.7325345552884617
  },
  "https://api.fishbowlonline.com/v1/sales_orders?expand=salesOrderItems.saleItem.images,customer.customerAddresses.customerAddressContacts,salesTax,payments,exchangeCurrency,salesOrderItems.saleItem.item.itemTrackingTypes,salesOrderItems.saleItem.item.tags,salesOrderItems.saleItem.item.defaultUom.toConversions,salesOrderItems.saleItem.item.defaultUom.fromConversions,salesOrderItems.saleItem.defaultUom.fromConversions,salesOrderItems.saleItem.defaultUom.toConversions,salesOrderBundleItems.item.images,salesOrderBundleItems.salesOrderItems.saleItem.defaultUom,salesOrderBundleItems.salesOrderItems.saleItem.images" : {
    "transaction" : "https://api.fishbowlonline.com/v1/sales_orders?expand=salesOrderItems.saleItem.images,customer.customerAddresses.customerAddressContacts,salesTax,payments,exchangeCurrency,salesOrderItems.saleItem.item.itemTrackingTypes,salesOrderItems.saleItem.item.tags,salesOrderItems.saleItem.item.defaultUom.toConversions,salesOrderItems.saleItem.item.defaultUom.fromConversions,salesOrderItems.saleItem.defaultUom.fromConversions,salesOrderItems.saleItem.defaultUom.toConversions,salesOrderBundleItems.item.images,salesOrderBundleItems.salesOrderItems.saleItem.defaultUom,salesOrderBundleItems.salesOrderItems.saleItem.images",
    "sampleCount" : 1,
    "errorCount" : 0,
    "errorPct" : 0.0,
    "meanResTime" : 1861.0,
    "medianResTime" : 1861.0,
    "minResTime" : 1861.0,
    "maxResTime" : 1861.0,
    "pct1ResTime" : 1861.0,
    "pct2ResTime" : 1861.0,
    "pct3ResTime" : 1861.0,
    "throughput" : 0.5373455131649651,
    "receivedKBytesPerSec" : 79.44947272971521,
    "sentKBytesPerSec" : 5.732909893874261
  },
  "Total" : {
    "transaction" : "Total",
    "sampleCount" : 5,
    "errorCount" : 0,
    "errorPct" : 0.0,
    "meanResTime" : 1942.4,
    "medianResTime" : 1861.0,
    "minResTime" : 208.0,
    "maxResTime" : 3751.0,
    "pct1ResTime" : 3751.0,
    "pct2ResTime" : 3751.0,
    "pct3ResTime" : 3751.0,
    "throughput" : 0.514668039114771,
    "receivedKBytesPerSec" : 46.94636998198662,
    "sentKBytesPerSec" : 1.520381658517756
  },
  "https://api.fishbowlonline.com/v1/sales_orders/347/issue?expand=salesOrderItems.saleItem.images,customer.customerAddresses.customerAddressContacts,salesTax,payments,exchangeCurrency,salesOrderItems.saleItem.item.itemTrackingTypes,salesOrderItems.saleItem.item.tags,salesOrderItems.saleItem.item.defaultUom.toConversions,salesOrderItems.saleItem.item.defaultUom.fromConversions,salesOrderItems.saleItem.defaultUom.fromConversions,salesOrderItems.saleItem.defaultUom.toConversions,salesOrderBundleItems.item.images,salesOrderBundleItems.salesOrderItems.saleItem.defaultUom,salesOrderBundleItems.salesOrderItems.saleItem.images" : {
    "transaction" : "https://api.fishbowlonline.com/v1/sales_orders/347/issue?expand=salesOrderItems.saleItem.images,customer.customerAddresses.customerAddressContacts,salesTax,payments,exchangeCurrency,salesOrderItems.saleItem.item.itemTrackingTypes,salesOrderItems.saleItem.item.tags,salesOrderItems.saleItem.item.defaultUom.toConversions,salesOrderItems.saleItem.item.defaultUom.fromConversions,salesOrderItems.saleItem.defaultUom.fromConversions,salesOrderItems.saleItem.defaultUom.toConversions,salesOrderBundleItems.item.images,salesOrderBundleItems.salesOrderItems.saleItem.defaultUom,salesOrderBundleItems.salesOrderItems.saleItem.images",
    "sampleCount" : 1,
    "errorCount" : 0,
    "errorPct" : 0.0,
    "meanResTime" : 3751.0,
    "medianResTime" : 3751.0,
    "minResTime" : 3751.0,
    "maxResTime" : 3751.0,
    "pct1ResTime" : 3751.0,
    "pct2ResTime" : 3751.0,
    "pct3ResTime" : 3751.0,
    "throughput" : 0.26659557451346305,
    "receivedKBytesPerSec" : 40.20698647027459,
    "sentKBytesPerSec" : 0.3801069714742735
  },
  "login" : {
    "transaction" : "login",
    "sampleCount" : 1,
    "errorCount" : 0,
    "errorPct" : 0.0,
    "meanResTime" : 908.0,
    "medianResTime" : 908.0,
    "minResTime" : 908.0,
    "maxResTime" : 908.0,
    "pct1ResTime" : 908.0,
    "pct2ResTime" : 908.0,
    "pct3ResTime" : 908.0,
    "throughput" : 1.1013215859030838,
    "receivedKBytesPerSec" : 6.166970677312775,
    "sentKBytesPerSec" : 0.6194933920704846
  },
  "add_so" : {
    "transaction" : "add_so",
    "sampleCount" : 1,
    "errorCount" : 0,
    "errorPct" : 0.0,
    "meanResTime" : 8804.0,
    "medianResTime" : 8804.0,
    "minResTime" : 8804.0,
    "maxResTime" : 8804.0,
    "pct1ResTime" : 8804.0,
    "pct2ResTime" : 8804.0,
    "pct3ResTime" : 8804.0,
    "throughput" : 0.11358473421172194,
    "receivedKBytesPerSec" : 51.16814800090868,
    "sentKBytesPerSec" : 1.6138127910608813
  },
  "https://api.fishbowlonline.com/v1/sales_orders/347?expand=salesOrderItems.saleItem.images,customer.customerAddresses.customerAddressContacts,salesTax,payments,exchangeCurrency,salesOrderItems.saleItem.item.itemTrackingTypes,salesOrderItems.saleItem.item.tags,salesOrderItems.saleItem.item.defaultUom.toConversions,salesOrderItems.saleItem.item.defaultUom.fromConversions,salesOrderItems.saleItem.defaultUom.fromConversions,salesOrderItems.saleItem.defaultUom.toConversions,salesOrderBundleItems.item.images,salesOrderBundleItems.salesOrderItems.saleItem.defaultUom,salesOrderBundleItems.salesOrderItems.saleItem.images" : {
    "transaction" : "https://api.fishbowlonline.com/v1/sales_orders/347?expand=salesOrderItems.saleItem.images,customer.customerAddresses.customerAddressContacts,salesTax,payments,exchangeCurrency,salesOrderItems.saleItem.item.itemTrackingTypes,salesOrderItems.saleItem.item.tags,salesOrderItems.saleItem.item.defaultUom.toConversions,salesOrderItems.saleItem.item.defaultUom.fromConversions,salesOrderItems.saleItem.defaultUom.fromConversions,salesOrderItems.saleItem.defaultUom.toConversions,salesOrderBundleItems.item.images,salesOrderBundleItems.salesOrderItems.saleItem.defaultUom,salesOrderBundleItems.salesOrderItems.saleItem.images",
    "sampleCount" : 1,
    "errorCount" : 0,
    "errorPct" : 0.0,
    "meanResTime" : 2984.0,
    "medianResTime" : 2984.0,
    "minResTime" : 2984.0,
    "maxResTime" : 2984.0,
    "pct1ResTime" : 2984.0,
    "pct2ResTime" : 2984.0,
    "pct3ResTime" : 2984.0,
    "throughput" : 0.3351206434316354,
    "receivedKBytesPerSec" : 50.478855981903486,
    "sentKBytesPerSec" : 0.44802750083780163
  }
}