{
  "https://api.fishbowlonline.com/v1/auth/authenticate" : {
    "transaction" : "https://api.fishbowlonline.com/v1/auth/authenticate",
    "sampleCount" : 1,
    "errorCount" : 0,
    "errorPct" : 0.0,
    "meanResTime" : 1217.0,
    "medianResTime" : 1217.0,
    "minResTime" : 1217.0,
    "maxResTime" : 1217.0,
    "pct1ResTime" : 1217.0,
    "pct2ResTime" : 1217.0,
    "pct3ResTime" : 1217.0,
    "throughput" : 0.8216926869350862,
    "receivedKBytesPerSec" : 4.601158073130649,
    "sentKBytesPerSec" : 0.462202136400986
  },
  "sales_order_settings" : {
    "transaction" : "sales_order_settings",
    "sampleCount" : 1,
    "errorCount" : 0,
    "errorPct" : 0.0,
    "meanResTime" : 285.0,
    "medianResTime" : 285.0,
    "minResTime" : 285.0,
    "maxResTime" : 285.0,
    "pct1ResTime" : 285.0,
    "pct2ResTime" : 285.0,
    "pct3ResTime" : 285.0,
    "throughput" : 3.5087719298245617,
    "receivedKBytesPerSec" : 4.15296052631579,
    "sentKBytesPerSec" : 2.7240953947368425
  },
  "https://api.fishbowlonline.com/v1/sales_orders?expand=salesOrderItems.saleItem.images,customer.customerAddresses.customerAddressContacts,salesTax,payments,exchangeCurrency,salesOrderItems.saleItem.item.itemTrackingTypes,salesOrderItems.saleItem.item.tags,salesOrderItems.saleItem.item.defaultUom.toConversions,salesOrderItems.saleItem.item.defaultUom.fromConversions,salesOrderItems.saleItem.defaultUom.fromConversions,salesOrderItems.saleItem.defaultUom.toConversions,salesOrderBundleItems.item.images,salesOrderBundleItems.salesOrderItems.saleItem.defaultUom,salesOrderBundleItems.salesOrderItems.saleItem.images" : {
    "transaction" : "https://api.fishbowlonline.com/v1/sales_orders?expand=salesOrderItems.saleItem.images,customer.customerAddresses.customerAddressContacts,salesTax,payments,exchangeCurrency,salesOrderItems.saleItem.item.itemTrackingTypes,salesOrderItems.saleItem.item.tags,salesOrderItems.saleItem.item.defaultUom.toConversions,salesOrderItems.saleItem.item.defaultUom.fromConversions,salesOrderItems.saleItem.defaultUom.fromConversions,salesOrderItems.saleItem.defaultUom.toConversions,salesOrderBundleItems.item.images,salesOrderBundleItems.salesOrderItems.saleItem.defaultUom,salesOrderBundleItems.salesOrderItems.saleItem.images",
    "sampleCount" : 1,
    "errorCount" : 0,
    "errorPct" : 0.0,
    "meanResTime" : 2242.0,
    "medianResTime" : 2242.0,
    "minResTime" : 2242.0,
    "maxResTime" : 2242.0,
    "pct1ResTime" : 2242.0,
    "pct2ResTime" : 2242.0,
    "pct3ResTime" : 2242.0,
    "throughput" : 0.44603033006244425,
    "receivedKBytesPerSec" : 65.94845910459411,
    "sentKBytesPerSec" : 4.758673199152542
  },
  "Total" : {
    "transaction" : "Total",
    "sampleCount" : 5,
    "errorCount" : 0,
    "errorPct" : 0.0,
    "meanResTime" : 1941.2,
    "medianResTime" : 2242.0,
    "minResTime" : 285.0,
    "maxResTime" : 3402.0,
    "pct1ResTime" : 3402.0,
    "pct2ResTime" : 3402.0,
    "pct3ResTime" : 3402.0,
    "throughput" : 0.5149330587023687,
    "receivedKBytesPerSec" : 46.957872039134905,
    "sentKBytesPerSec" : 1.5211645532955715
  },
  "https://api.fishbowlonline.com/v1/sales_orders/347/issue?expand=salesOrderItems.saleItem.images,customer.customerAddresses.customerAddressContacts,salesTax,payments,exchangeCurrency,salesOrderItems.saleItem.item.itemTrackingTypes,salesOrderItems.saleItem.item.tags,salesOrderItems.saleItem.item.defaultUom.toConversions,salesOrderItems.saleItem.item.defaultUom.fromConversions,salesOrderItems.saleItem.defaultUom.fromConversions,salesOrderItems.saleItem.defaultUom.toConversions,salesOrderBundleItems.item.images,salesOrderBundleItems.salesOrderItems.saleItem.defaultUom,salesOrderBundleItems.salesOrderItems.saleItem.images" : {
    "transaction" : "https://api.fishbowlonline.com/v1/sales_orders/347/issue?expand=salesOrderItems.saleItem.images,customer.customerAddresses.customerAddressContacts,salesTax,payments,exchangeCurrency,salesOrderItems.saleItem.item.itemTrackingTypes,salesOrderItems.saleItem.item.tags,salesOrderItems.saleItem.item.defaultUom.toConversions,salesOrderItems.saleItem.item.defaultUom.fromConversions,salesOrderItems.saleItem.defaultUom.fromConversions,salesOrderItems.saleItem.defaultUom.toConversions,salesOrderBundleItems.item.images,salesOrderBundleItems.salesOrderItems.saleItem.defaultUom,salesOrderBundleItems.salesOrderItems.saleItem.images",
    "sampleCount" : 1,
    "errorCount" : 0,
    "errorPct" : 0.0,
    "meanResTime" : 3402.0,
    "medianResTime" : 3402.0,
    "minResTime" : 3402.0,
    "maxResTime" : 3402.0,
    "pct1ResTime" : 3402.0,
    "pct2ResTime" : 3402.0,
    "pct3ResTime" : 3402.0,
    "throughput" : 0.29394473838918284,
    "receivedKBytesPerSec" : 44.28690843621399,
    "sentKBytesPerSec" : 0.41910089653145205
  },
  "login" : {
    "transaction" : "login",
    "sampleCount" : 1,
    "errorCount" : 0,
    "errorPct" : 0.0,
    "meanResTime" : 1217.0,
    "medianResTime" : 1217.0,
    "minResTime" : 1217.0,
    "maxResTime" : 1217.0,
    "pct1ResTime" : 1217.0,
    "pct2ResTime" : 1217.0,
    "pct3ResTime" : 1217.0,
    "throughput" : 0.8216926869350862,
    "receivedKBytesPerSec" : 4.601158073130649,
    "sentKBytesPerSec" : 0.462202136400986
  },
  "add_so" : {
    "transaction" : "add_so",
    "sampleCount" : 1,
    "errorCount" : 0,
    "errorPct" : 0.0,
    "meanResTime" : 8489.0,
    "medianResTime" : 8489.0,
    "minResTime" : 8489.0,
    "maxResTime" : 8489.0,
    "pct1ResTime" : 8489.0,
    "pct2ResTime" : 8489.0,
    "pct3ResTime" : 8489.0,
    "throughput" : 0.11779950524207798,
    "receivedKBytesPerSec" : 53.05234163329013,
    "sentKBytesPerSec" : 1.6736962907880786
  },
  "https://api.fishbowlonline.com/v1/sales_orders/347?expand=salesOrderItems.saleItem.images,customer.customerAddresses.customerAddressContacts,salesTax,payments,exchangeCurrency,salesOrderItems.saleItem.item.itemTrackingTypes,salesOrderItems.saleItem.item.tags,salesOrderItems.saleItem.item.defaultUom.toConversions,salesOrderItems.saleItem.item.defaultUom.fromConversions,salesOrderItems.saleItem.defaultUom.fromConversions,salesOrderItems.saleItem.defaultUom.toConversions,salesOrderBundleItems.item.images,salesOrderBundleItems.salesOrderItems.saleItem.defaultUom,salesOrderBundleItems.salesOrderItems.saleItem.images" : {
    "transaction" : "https://api.fishbowlonline.com/v1/sales_orders/347?expand=salesOrderItems.saleItem.images,customer.customerAddresses.customerAddressContacts,salesTax,payments,exchangeCurrency,salesOrderItems.saleItem.item.itemTrackingTypes,salesOrderItems.saleItem.item.tags,salesOrderItems.saleItem.item.defaultUom.toConversions,salesOrderItems.saleItem.item.defaultUom.fromConversions,salesOrderItems.saleItem.defaultUom.fromConversions,salesOrderItems.saleItem.defaultUom.toConversions,salesOrderBundleItems.item.images,salesOrderBundleItems.salesOrderItems.saleItem.defaultUom,salesOrderBundleItems.salesOrderItems.saleItem.images",
    "sampleCount" : 1,
    "errorCount" : 0,
    "errorPct" : 0.0,
    "meanResTime" : 2560.0,
    "medianResTime" : 2560.0,
    "minResTime" : 2560.0,
    "maxResTime" : 2560.0,
    "pct1ResTime" : 2560.0,
    "pct2ResTime" : 2560.0,
    "pct3ResTime" : 2560.0,
    "throughput" : 0.390625,
    "receivedKBytesPerSec" : 58.85047912597656,
    "sentKBytesPerSec" : 0.5222320556640625
  }
}