{
  "purchase_order_settings? " : {
    "transaction" : "purchase_order_settings? ",
    "sampleCount" : 1,
    "errorCount" : 0,
    "errorPct" : 0.0,
    "meanResTime" : 210.0,
    "medianResTime" : 210.0,
    "minResTime" : 210.0,
    "maxResTime" : 210.0,
    "pct1ResTime" : 210.0,
    "pct2ResTime" : 210.0,
    "pct3ResTime" : 210.0,
    "throughput" : 4.761904761904763,
    "receivedKBytesPerSec" : 4.715401785714286,
    "sentKBytesPerSec" : 3.7202380952380953
  },
  "https://api.fishbowlonline.com/v1/auth/authenticate" : {
    "transaction" : "https://api.fishbowlonline.com/v1/auth/authenticate",
    "sampleCount" : 1,
    "errorCount" : 0,
    "errorPct" : 0.0,
    "meanResTime" : 837.0,
    "medianResTime" : 837.0,
    "minResTime" : 837.0,
    "maxResTime" : 837.0,
    "pct1ResTime" : 837.0,
    "pct2ResTime" : 837.0,
    "pct3ResTime" : 837.0,
    "throughput" : 1.194743130227001,
    "receivedKBytesPerSec" : 6.690094832735962,
    "sentKBytesPerSec" : 0.6708762694145759
  },
  "https://api.fishbowlonline.com/v1/purchase_orders?quickSearchValue=&quickSearchColumns=number,purchaseOrderStatus,vendor.name,buyer.firstName&expand=buyer,purchaseOrderItems&pageNumber=1&pageSize=25&orderBy=number&ascending=false" : {
    "transaction" : "https://api.fishbowlonline.com/v1/purchase_orders?quickSearchValue=&quickSearchColumns=number,purchaseOrderStatus,vendor.name,buyer.firstName&expand=buyer,purchaseOrderItems&pageNumber=1&pageSize=25&orderBy=number&ascending=false",
    "sampleCount" : 1,
    "errorCount" : 0,
    "errorPct" : 0.0,
    "meanResTime" : 1795.0,
    "medianResTime" : 1795.0,
    "minResTime" : 1795.0,
    "maxResTime" : 1795.0,
    "pct1ResTime" : 1795.0,
    "pct2ResTime" : 1795.0,
    "pct3ResTime" : 1795.0,
    "throughput" : 0.5571030640668524,
    "receivedKBytesPerSec" : 1525.572880396936,
    "sentKBytesPerSec" : 0.5228281685236769
  },
  "https://api.fishbowlonline.com/v1/purchase_orders?expand=purchaseOrderItems.item.images,purchaseOrderItems.item.vendorItems,purchaseOrderItems.item.itemTrackingTypes,purchaseOrderItems.item.defaultUom.fromConversions,purchaseOrderItems.item.defaultUom.toConversions,vendor.currency" : {
    "transaction" : "https://api.fishbowlonline.com/v1/purchase_orders?expand=purchaseOrderItems.item.images,purchaseOrderItems.item.vendorItems,purchaseOrderItems.item.itemTrackingTypes,purchaseOrderItems.item.defaultUom.fromConversions,purchaseOrderItems.item.defaultUom.toConversions,vendor.currency",
    "sampleCount" : 1,
    "errorCount" : 0,
    "errorPct" : 0.0,
    "meanResTime" : 376.0,
    "medianResTime" : 376.0,
    "minResTime" : 376.0,
    "maxResTime" : 376.0,
    "pct1ResTime" : 376.0,
    "pct2ResTime" : 376.0,
    "pct3ResTime" : 376.0,
    "throughput" : 2.6595744680851063,
    "receivedKBytesPerSec" : 40.85979055851064,
    "sentKBytesPerSec" : 7.261884973404255
  },
  "issue" : {
    "transaction" : "issue",
    "sampleCount" : 1,
    "errorCount" : 0,
    "errorPct" : 0.0,
    "meanResTime" : 305.0,
    "medianResTime" : 305.0,
    "minResTime" : 305.0,
    "maxResTime" : 305.0,
    "pct1ResTime" : 305.0,
    "pct2ResTime" : 305.0,
    "pct3ResTime" : 305.0,
    "throughput" : 3.278688524590164,
    "receivedKBytesPerSec" : 50.5186987704918,
    "sentKBytesPerSec" : 3.550845286885246
  },
  "https://api.fishbowlonline.com/v1/purchase_orders/37?expand=purchaseOrderItems.item.images,purchaseOrderItems.item.vendorItems,purchaseOrderItems.item.itemTrackingTypes,purchaseOrderItems.item.defaultUom.fromConversions,purchaseOrderItems.item.defaultUom.toConversions,vendor.currency" : {
    "transaction" : "https://api.fishbowlonline.com/v1/purchase_orders/37?expand=purchaseOrderItems.item.images,purchaseOrderItems.item.vendorItems,purchaseOrderItems.item.itemTrackingTypes,purchaseOrderItems.item.defaultUom.fromConversions,purchaseOrderItems.item.defaultUom.toConversions,vendor.currency",
    "sampleCount" : 1,
    "errorCount" : 0,
    "errorPct" : 0.0,
    "meanResTime" : 239.0,
    "medianResTime" : 239.0,
    "minResTime" : 239.0,
    "maxResTime" : 239.0,
    "pct1ResTime" : 239.0,
    "pct2ResTime" : 239.0,
    "pct3ResTime" : 239.0,
    "throughput" : 4.184100418410042,
    "receivedKBytesPerSec" : 64.46946914225941,
    "sentKBytesPerSec" : 4.159584205020921
  },
  "Total" : {
    "transaction" : "Total",
    "sampleCount" : 7,
    "errorCount" : 0,
    "errorPct" : 0.0,
    "meanResTime" : 570.7142857142857,
    "medianResTime" : 305.0,
    "minResTime" : 210.0,
    "maxResTime" : 1795.0,
    "pct1ResTime" : 1795.0,
    "pct2ResTime" : 1795.0,
    "pct3ResTime" : 1795.0,
    "throughput" : 1.746506986027944,
    "receivedKBytesPerSec" : 696.5107870197106,
    "sentKBytesPerSec" : 1.9606782528692615
  },
  "login" : {
    "transaction" : "login",
    "sampleCount" : 1,
    "errorCount" : 0,
    "errorPct" : 0.0,
    "meanResTime" : 837.0,
    "medianResTime" : 837.0,
    "minResTime" : 837.0,
    "maxResTime" : 837.0,
    "pct1ResTime" : 837.0,
    "pct2ResTime" : 837.0,
    "pct3ResTime" : 837.0,
    "throughput" : 1.194743130227001,
    "receivedKBytesPerSec" : 6.690094832735962,
    "sentKBytesPerSec" : 0.6708762694145759
  },
  "next_po_number" : {
    "transaction" : "next_po_number",
    "sampleCount" : 1,
    "errorCount" : 0,
    "errorPct" : 0.0,
    "meanResTime" : 233.0,
    "medianResTime" : 233.0,
    "minResTime" : 233.0,
    "maxResTime" : 233.0,
    "pct1ResTime" : 233.0,
    "pct2ResTime" : 233.0,
    "pct3ResTime" : 233.0,
    "throughput" : 4.291845493562231,
    "receivedKBytesPerSec" : 1.8986386802575106,
    "sentKBytesPerSec" : 3.302709227467811
  },
  "po" : {
    "transaction" : "po",
    "sampleCount" : 1,
    "errorCount" : 0,
    "errorPct" : 0.0,
    "meanResTime" : 3158.0,
    "medianResTime" : 3158.0,
    "minResTime" : 3158.0,
    "maxResTime" : 3158.0,
    "pct1ResTime" : 3158.0,
    "pct2ResTime" : 3158.0,
    "pct3ResTime" : 3158.0,
    "throughput" : 0.31665611146295125,
    "receivedKBytesPerSec" : 882.2088742875238,
    "sentKBytesPerSec" : 2.3106000633312225
  }
}