timeStamp,elapsed,label,responseCode,responseMessage,threadName,dataType,success,failureMessage,bytes,sentBytes,grpThreads,allThreads,URL,Latency,IdleTime,Connect
1691666568706,822,https://api.fishbowlonline.com/v1/auth/authenticate,200,,Thread Group 1-1,text,true,,5734,576,1,1,https://api.fishbowlonline.com/v1/auth/authenticate,822,0,512
1691666568706,822,login,200,"Number of samples in transaction : 1, number of failing samples : 0",Thread Group 1-1,,true,,5734,576,1,1,null,822,0,512
1691666569528,8504,picks,200,,Thread Group 1-1,text,true,,1971673,1355,1,1,https://api.fishbowlonline.com/v1/picks?quickSearchValue=&expand=pickItems.salesOrderItem.saleItem%2CorderPriority%2CpickItems.salesOrderItem.salesOrder.customer%2CparentLocation%2CpickItems.purchaseOrderItem.purchaseOrder%2CpickBundleItems.pickItems.salesOrderItem.saleItem%2CorderPriority%2CpickBundleItems.pickItems.salesOrderItem.salesOrder.customer%2CparentLocation%2CpickBundleItems.pickItems.purchaseOrderItem.purchaseOrder&quickSearchColumns=number%2Cstatus%2CpickItems.salesOrderItem.salesOrder.customer%2CparentLocation.displayName%2CorderPriority.name&pageNumber=1&pageSize=25&orderBy=number&ascending=false&status=Open,309,0,0
1691666578042,3083,"https://api.fishbowlonline.com/v1/picks/379?expand=pickItems.salesOrderItem.saleItem.images,pickItems.pickFromLocation,pickItems.pickToLocation,pickItems.item.images,pickItems.workOrderItem,pickItems.item.itemTrackingTypes.trackingType,pickItems.salesOrderItem.saleItem,pickItems.item.tags,pickItems.salesOrderItem.salesOrder.representative,pickItems.salesOrderItem.salesOrder.customer,pickItems.salesOrderItem.salesOrder.paymentTerm,pickBundleItems.pickItems.salesOrderItem.saleItem.images,pickBundleItems.pickItems.pickFromLocation,pickBundleItems.pickItems.item.images,pickBundleItems.pickItems.item.defaultUom,pickBundleItems.pickItems.item.tags,pickBundleItems.pickItems.item.itemTrackingTypes.trackingType,pickBundleItems.pickItems.salesOrderItem.saleItem,pickBundleItems.pickItems.salesOrderItem.salesOrder.representative,pickBundleItems.pickItems.salesOrderItem.salesOrder.customer,pickBundleItems.pickItems.salesOrderItem.salesOrder.paymentTerm",200,,Thread Group 1-1,text,true,,423299,1718,1,1,https://api.fishbowlonline.com/v1/picks/581?expand=pickItems.salesOrderItem.saleItem.images%2CpickItems.pickFromLocation%2CpickItems.pickToLocation%2CpickItems.item.images%2CpickItems.workOrderItem%2CpickItems.item.itemTrackingTypes.trackingType%2CpickItems.salesOrderItem.saleItem%2CpickItems.item.tags%2CpickItems.salesOrderItem.salesOrder.representative%2CpickItems.salesOrderItem.salesOrder.customer%2CpickItems.salesOrderItem.salesOrder.paymentTerm%2CpickBundleItems.pickItems.salesOrderItem.saleItem.images%2CpickBundleItems.pickItems.pickFromLocation%2CpickBundleItems.pickItems.item.images%2CpickBundleItems.pickItems.item.defaultUom%2CpickBundleItems.pickItems.item.tags%2CpickBundleItems.pickItems.item.itemTrackingTypes.trackingType%2CpickBundleItems.pickItems.salesOrderItem.saleItem%2CpickBundleItems.pickItems.salesOrderItem.salesOrder.representative%2CpickBundleItems.pickItems.salesOrderItem.salesOrder.customer%2CpickBundleItems.pickItems.salesOrderItem.salesOrder.paymentTerm,2585,0,0
1691666581185,3516,start,200,,Thread Group 1-1,text,true,,424088,1809,1,1,https://api.fishbowlonline.com/v1/picks/581/start,3181,0,0
1691666584702,41381,"https://api.fishbowlonline.com/v1/picks/379/commit?expand=pickItems.salesOrderItem.saleItem.images,pickItems.pickFromLocation,pickItems.pickToLocation,pickItems.item.images,pickItems.workOrderItem,pickItems.item.itemTrackingTypes.trackingType,pickItems.salesOrderItem.saleItem,pickItems.item.tags,pickItems.salesOrderItem.salesOrder.representative,pickItems.salesOrderItem.salesOrder.customer,pickItems.salesOrderItem.salesOrder.paymentTerm,pickBundleItems.pickItems.salesOrderItem.saleItem.images,pickBundleItems.pickItems.pickFromLocation,pickBundleItems.pickItems.item.images,pickBundleItems.pickItems.item.defaultUom,pickBundleItems.pickItems.item.tags,pickBundleItems.pickItems.item.itemTrackingTypes.trackingType,pickBundleItems.pickItems.salesOrderItem.saleItem,pickBundleItems.pickItems.salesOrderItem.salesOrder.representative,pickBundleItems.pickItems.salesOrderItem.salesOrder.customer,pickBundleItems.pickItems.salesOrderItem.salesOrder.paymentTerm",200,,Thread Group 1-1,text,true,,424155,5311,1,1,"https://api.fishbowlonline.com/v1/picks/581/commit?expand=pickItems.salesOrderItem.saleItem.images,pickItems.pickFromLocation,pickItems.pickToLocation,pickItems.item.images,pickItems.workOrderItem,pickItems.item.itemTrackingTypes.trackingType,pickItems.salesOrderItem.saleItem,pickItems.item.tags,pickItems.salesOrderItem.salesOrder.representative,pickItems.salesOrderItem.salesOrder.customer,pickItems.salesOrderItem.salesOrder.paymentTerm,pickBundleItems.pickItems.salesOrderItem.saleItem.images,pickBundleItems.pickItems.pickFromLocation,pickBundleItems.pickItems.item.images,pickBundleItems.pickItems.item.defaultUom,pickBundleItems.pickItems.item.tags,pickBundleItems.pickItems.item.itemTrackingTypes.trackingType,pickBundleItems.pickItems.salesOrderItem.saleItem,pickBundleItems.pickItems.salesOrderItem.salesOrder.representative,pickBundleItems.pickItems.salesOrderItem.salesOrder.customer,pickBundleItems.pickItems.salesOrderItem.salesOrder.paymentTerm",41049,0,0
1691666626084,16418,"https://api.fishbowlonline.com/v1/picks/379/finish?expand=pickItems.salesOrderItem.saleItem.images,pickItems.pickFromLocation,pickItems.pickToLocation,pickItems.item.images,pickItems.workOrderItem,pickItems.item.itemTrackingTypes.trackingType,pickItems.salesOrderItem.saleItem,pickItems.item.tags,pickItems.salesOrderItem.salesOrder.representative,pickItems.salesOrderItem.salesOrder.customer,pickItems.salesOrderItem.salesOrder.paymentTerm,pickBundleItems.pickItems.salesOrderItem.saleItem.images,pickBundleItems.pickItems.pickFromLocation,pickBundleItems.pickItems.item.images,pickBundleItems.pickItems.item.defaultUom,pickBundleItems.pickItems.item.tags,pickBundleItems.pickItems.item.itemTrackingTypes.trackingType,pickBundleItems.pickItems.salesOrderItem.saleItem,pickBundleItems.pickItems.salesOrderItem.salesOrder.representative,pickBundleItems.pickItems.salesOrderItem.salesOrder.customer,pickBundleItems.pickItems.salesOrderItem.salesOrder.paymentTerm",200,,Thread Group 1-1,text,true,,425082,5311,1,1,"https://api.fishbowlonline.com/v1/picks/581/finish?expand=pickItems.salesOrderItem.saleItem.images,pickItems.pickFromLocation,pickItems.pickToLocation,pickItems.item.images,pickItems.workOrderItem,pickItems.item.itemTrackingTypes.trackingType,pickItems.salesOrderItem.saleItem,pickItems.item.tags,pickItems.salesOrderItem.salesOrder.representative,pickItems.salesOrderItem.salesOrder.customer,pickItems.salesOrderItem.salesOrder.paymentTerm,pickBundleItems.pickItems.salesOrderItem.saleItem.images,pickBundleItems.pickItems.pickFromLocation,pickBundleItems.pickItems.item.images,pickBundleItems.pickItems.item.defaultUom,pickBundleItems.pickItems.item.tags,pickBundleItems.pickItems.item.itemTrackingTypes.trackingType,pickBundleItems.pickItems.salesOrderItem.saleItem,pickBundleItems.pickItems.salesOrderItem.salesOrder.representative,pickBundleItems.pickItems.salesOrderItem.salesOrder.customer,pickBundleItems.pickItems.salesOrderItem.salesOrder.paymentTerm",16086,0,0
1691666569528,72902,pick,200,"Number of samples in transaction : 5, number of failing samples : 0",Thread Group 1-1,,true,,3668297,15504,1,1,null,63210,71,0
