timeStamp,elapsed,label,responseCode,responseMessage,threadName,dataType,success,failureMessage,bytes,sentBytes,grpThreads,allThreads,URL,Latency,IdleTime,Connect
1691666960636,809,https://api.fishbowlonline.com/v1/auth/authenticate,200,,Thread Group 1-1,text,true,,5734,575,1,1,https://api.fishbowlonline.com/v1/auth/authenticate,809,0,501
1691666960635,809,Login,200,"Number of samples in transaction : 1, number of failing samples : 0",Thread Group 1-1,,true,,5734,575,1,1,null,809,2,501
1691666961446,4657,ships,200,,Thread Group 1-1,text,true,,1118047,1106,1,1,https://api.fishbowlonline.com/v1/ships?quickSearchValue=&expand=carrier%2CshipCartons%2CshipItems.item.images%2CshipItems.item.itemTrackingTypes.trackingType%2CshipItems.uom%2CsalesOrder.customer.customerAddresses%2CorderPriority&quickSearchColumns=number%2Cstatus%2CorderPriority.name%2CshipToName%2Ccarrier.name&pageNumber=1&pageSize=25&orderBy=number&ascending=false&status=Open,250,0,0
1691666966114,6973,"https://api.fishbowlonline.com/v1/ships/320?expand=carrier,shipBundleItems,shipBundleItems.shipItems,shipBundleItems.shipItems.item.images,shipBundleItems.shipItems.item.itemTrackingTypes,shipBundleItems.shipItems.uom,carrierService,shipCartons,shipItems,shipItems.item.images,shipItems.item.itemTrackingTypes,shipItems.salesOrderItem.saleItem,shipItems.uom,salesOrder.customer.customerAddresses,salesOrder.customer.carrierAccountSettings,salesOrder.salesOrderItems.saleItem,salesOrder.paymentTerm,salesOrder.representative,salesOrder.location.address",200,,Thread Group 1-1,text,true,,13451426,1311,1,1,https://api.fishbowlonline.com/v1/ships/525?expand=carrier%2CshipBundleItems%2CshipBundleItems.shipItems%2CshipBundleItems.shipItems.item.images%2CshipBundleItems.shipItems.item.itemTrackingTypes%2CshipBundleItems.shipItems.uom%2CcarrierService%2CshipCartons%2CshipItems%2CshipItems.item.images%2CshipItems.item.itemTrackingTypes%2CshipItems.salesOrderItem.saleItem%2CshipItems.uom%2CsalesOrder.customer.customerAddresses%2CsalesOrder.customer.carrierAccountSettings%2CsalesOrder.salesOrderItems.saleItem%2CsalesOrder.paymentTerm%2CsalesOrder.representative%2CsalesOrder.location.address,415,0,0
1691666973088,3593,"https://api.fishbowlonline.com/v1/ships?expand=carrier,shipBundleItems,shipBundleItems.shipItems,shipBundleItems.shipItems.item.images,shipBundleItems.shipItems.item.itemTrackingTypes,shipBundleItems.shipItems.uom,carrierService,shipCartons,shipItems,shipItems.item.images,shipItems.item.itemTrackingTypes,shipItems.salesOrderItem.saleItem,shipItems.uom,salesOrder.customer.customerAddresses,salesOrder.customer.carrierAccountSettings,salesOrder.salesOrderItems.saleItem,salesOrder.paymentTerm,salesOrder.representative,salesOrder.location.address",200,,Thread Group 1-1,text,true,,13451807,2205,1,1,"https://api.fishbowlonline.com/v1/ships?expand=carrier,shipBundleItems,shipBundleItems.shipItems,shipBundleItems.shipItems.item.images,shipBundleItems.shipItems.item.itemTrackingTypes,shipBundleItems.shipItems.uom,carrierService,shipCartons,shipItems,shipItems.item.images,shipItems.item.itemTrackingTypes,shipItems.salesOrderItem.saleItem,shipItems.uom,salesOrder.customer.customerAddresses,salesOrder.customer.carrierAccountSettings,salesOrder.salesOrderItems.saleItem,salesOrder.paymentTerm,salesOrder.representative,salesOrder.location.address",637,0,0
1691666976681,273,pack,200,,Thread Group 1-1,text,true,,5506,856,1,1,https://api.fishbowlonline.com/v1/ships/525/pack,271,0,0
1691666976954,4552,"https://api.fishbowlonline.com/v1/ships/320?expand=carrier,shipBundleItems,shipBundleItems.shipItems,shipBundleItems.shipItems.item.images,shipBundleItems.shipItems.item.itemTrackingTypes,shipBundleItems.shipItems.uom,carrierService,shipCartons,shipItems,shipItems.item.images,shipItems.item.itemTrackingTypes,shipItems.salesOrderItem.saleItem,shipItems.uom,salesOrder.customer.customerAddresses,salesOrder.customer.carrierAccountSettings,salesOrder.salesOrderItems.saleItem,salesOrder.paymentTerm,salesOrder.representative,salesOrder.location.address",200,,Thread Group 1-1,text,true,,13452666,1311,1,1,https://api.fishbowlonline.com/v1/ships/525?expand=carrier%2CshipBundleItems%2CshipBundleItems.shipItems%2CshipBundleItems.shipItems.item.images%2CshipBundleItems.shipItems.item.itemTrackingTypes%2CshipBundleItems.shipItems.uom%2CcarrierService%2CshipCartons%2CshipItems%2CshipItems.item.images%2CshipItems.item.itemTrackingTypes%2CshipItems.salesOrderItem.saleItem%2CshipItems.uom%2CsalesOrder.customer.customerAddresses%2CsalesOrder.customer.carrierAccountSettings%2CsalesOrder.salesOrderItems.saleItem%2CsalesOrder.paymentTerm%2CsalesOrder.representative%2CsalesOrder.location.address,418,0,0
1691666981506,4641,"https://api.fishbowlonline.com/v1/ships?expand=carrier,shipBundleItems,shipBundleItems.shipItems,shipBundleItems.shipItems.item.images,shipBundleItems.shipItems.item.itemTrackingTypes,shipBundleItems.shipItems.uom,carrierService,shipCartons,shipItems,shipItems.item.images,shipItems.item.itemTrackingTypes,shipItems.salesOrderItem.saleItem,shipItems.uom,salesOrder.customer.customerAddresses,salesOrder.customer.carrierAccountSettings,salesOrder.salesOrderItems.saleItem,salesOrder.paymentTerm,salesOrder.representative,salesOrder.location.address",200,,Thread Group 1-1,text,true,,13451723,2205,1,1,"https://api.fishbowlonline.com/v1/ships?expand=carrier,shipBundleItems,shipBundleItems.shipItems,shipBundleItems.shipItems.item.images,shipBundleItems.shipItems.item.itemTrackingTypes,shipBundleItems.shipItems.uom,carrierService,shipCartons,shipItems,shipItems.item.images,shipItems.item.itemTrackingTypes,shipItems.salesOrderItem.saleItem,shipItems.uom,salesOrder.customer.customerAddresses,salesOrder.customer.carrierAccountSettings,salesOrder.salesOrderItems.saleItem,salesOrder.paymentTerm,salesOrder.representative,salesOrder.location.address",553,0,0
1691666986147,23049,finish,200,,Thread Group 1-1,text,true,,5560,858,1,1,https://api.fishbowlonline.com/v1/ships/525/finish,23049,0,0
1691667009196,23176,"https://api.fishbowlonline.com/v1/ships/320?expand=carrier,shipBundleItems,shipBundleItems.shipItems,shipBundleItems.shipItems.item.images,shipBundleItems.shipItems.item.itemTrackingTypes,shipBundleItems.shipItems.uom,carrierService,shipCartons,shipItems,shipItems.item.images,shipItems.item.itemTrackingTypes,shipItems.salesOrderItem.saleItem,shipItems.uom,salesOrder.customer.customerAddresses,salesOrder.customer.carrierAccountSettings,salesOrder.salesOrderItems.saleItem,salesOrder.paymentTerm,salesOrder.representative,salesOrder.location.address",200,,Thread Group 1-1,text,true,,13535924,1311,1,1,https://api.fishbowlonline.com/v1/ships/525?expand=carrier%2CshipBundleItems%2CshipBundleItems.shipItems%2CshipBundleItems.shipItems.item.images%2CshipBundleItems.shipItems.item.itemTrackingTypes%2CshipBundleItems.shipItems.uom%2CcarrierService%2CshipCartons%2CshipItems%2CshipItems.item.images%2CshipItems.item.itemTrackingTypes%2CshipItems.salesOrderItem.saleItem%2CshipItems.uom%2CsalesOrder.customer.customerAddresses%2CsalesOrder.customer.carrierAccountSettings%2CsalesOrder.salesOrderItems.saleItem%2CsalesOrder.paymentTerm%2CsalesOrder.representative%2CsalesOrder.location.address,464,0,0
1691666961446,70914,shiping,200,"Number of samples in transaction : 8, number of failing samples : 0",Thread Group 1-1,,true,,68472659,11163,1,1,null,26057,13,0
