timeStamp,elapsed,label,responseCode,responseMessage,threadName,dataType,success,failureMessage,bytes,sentBytes,grpThreads,allThreads,URL,Latency,IdleTime,Connect
1691668604422,819,https://api.fishbowlonline.com/v1/auth/authenticate,200,,Thread Group 1-1,text,true,,5734,575,1,1,https://api.fishbowlonline.com/v1/auth/authenticate,819,0,518
1691668604421,819,Login,200,"Number of samples in transaction : 1, number of failing samples : 0",Thread Group 1-1,,true,,5734,575,1,1,null,819,1,518
1691668605242,1563,picks,200,,Thread Group 1-1,text,true,,1655825,1354,1,1,https://api.fishbowlonline.com/v1/picks?quickSearchValue=&expand=pickItems.salesOrderItem.saleItem%2CorderPriority%2CpickItems.salesOrderItem.salesOrder.customer%2CparentLocation%2CpickItems.purchaseOrderItem.purchaseOrder%2CpickBundleItems.pickItems.salesOrderItem.saleItem%2CorderPriority%2CpickBundleItems.pickItems.salesOrderItem.salesOrder.customer%2CparentLocation%2CpickBundleItems.pickItems.purchaseOrderItem.purchaseOrder&quickSearchColumns=number%2Cstatus%2CpickItems.salesOrderItem.salesOrder.customer%2CparentLocation.displayName%2CorderPriority.name&pageNumber=1&pageSize=25&orderBy=number&ascending=false&status=Open,379,0,0
1691668606814,539,"https://api.fishbowlonline.com/v1/picks/345?expand=pickItems.salesOrderItem.saleItem.images,pickItems.pickFromLocation,pickItems.pickToLocation,pickItems.item.images,pickItems.workOrderItem,pickItems.item.itemTrackingTypes.trackingType,pickItems.salesOrderItem.saleItem,pickItems.item.tags,pickItems.salesOrderItem.salesOrder.representative,pickItems.salesOrderItem.salesOrder.customer,pickItems.salesOrderItem.salesOrder.paymentTerm,pickBundleItems.pickItems.salesOrderItem.saleItem.images,pickBundleItems.pickItems.pickFromLocation,pickBundleItems.pickItems.item.images,pickBundleItems.pickItems.item.defaultUom,pickBundleItems.pickItems.item.tags,pickBundleItems.pickItems.item.itemTrackingTypes.trackingType,pickBundleItems.pickItems.salesOrderItem.saleItem,pickBundleItems.pickItems.salesOrderItem.salesOrder.representative,pickBundleItems.pickItems.salesOrderItem.salesOrder.customer,pickBundleItems.pickItems.salesOrderItem.salesOrder.paymentTerm",200,,Thread Group 1-1,text,true,,51059,1717,1,1,https://api.fishbowlonline.com/v1/picks/583?expand=pickItems.salesOrderItem.saleItem.images%2CpickItems.pickFromLocation%2CpickItems.pickToLocation%2CpickItems.item.images%2CpickItems.workOrderItem%2CpickItems.item.itemTrackingTypes.trackingType%2CpickItems.salesOrderItem.saleItem%2CpickItems.item.tags%2CpickItems.salesOrderItem.salesOrder.representative%2CpickItems.salesOrderItem.salesOrder.customer%2CpickItems.salesOrderItem.salesOrder.paymentTerm%2CpickBundleItems.pickItems.salesOrderItem.saleItem.images%2CpickBundleItems.pickItems.pickFromLocation%2CpickBundleItems.pickItems.item.images%2CpickBundleItems.pickItems.item.defaultUom%2CpickBundleItems.pickItems.item.tags%2CpickBundleItems.pickItems.item.itemTrackingTypes.trackingType%2CpickBundleItems.pickItems.salesOrderItem.saleItem%2CpickBundleItems.pickItems.salesOrderItem.salesOrder.representative%2CpickBundleItems.pickItems.salesOrderItem.salesOrder.customer%2CpickBundleItems.pickItems.salesOrderItem.salesOrder.paymentTerm,539,0,0
1691668607355,633,start,200,,Thread Group 1-1,text,true,,51121,1808,1,1,https://api.fishbowlonline.com/v1/picks/583/start,633,0,0
1691668607989,2905,commit,200,,Thread Group 1-1,text,true,,51165,2096,1,1,"https://api.fishbowlonline.com/v1/picks/583/commit?expand=pickItems.salesOrderItem.saleItem.images,pickItems.pickFromLocation,pickItems.pickToLocation,pickItems.item.images,pickItems.workOrderItem,pickItems.item.itemTrackingTypes.trackingType,pickItems.salesOrderItem.saleItem,pickItems.item.tags,pickItems.salesOrderItem.salesOrder.representative,pickItems.salesOrderItem.salesOrder.customer,pickItems.salesOrderItem.salesOrder.paymentTerm,pickBundleItems.pickItems.salesOrderItem.saleItem.images,pickBundleItems.pickItems.pickFromLocation,pickBundleItems.pickItems.item.images,pickBundleItems.pickItems.item.defaultUom,pickBundleItems.pickItems.item.tags,pickBundleItems.pickItems.item.itemTrackingTypes.trackingType,pickBundleItems.pickItems.salesOrderItem.saleItem,pickBundleItems.pickItems.salesOrderItem.salesOrder.representative,pickBundleItems.pickItems.salesOrderItem.salesOrder.customer,pickBundleItems.pickItems.salesOrderItem.salesOrder.paymentTerm",2905,0,0
1691668610894,1579,Finish,200,,Thread Group 1-1,text,true,,51277,2096,1,1,"https://api.fishbowlonline.com/v1/picks/583/finish?expand=pickItems.salesOrderItem.saleItem.images,pickItems.pickFromLocation,pickItems.pickToLocation,pickItems.item.images,pickItems.workOrderItem,pickItems.item.itemTrackingTypes.trackingType,pickItems.salesOrderItem.saleItem,pickItems.item.tags,pickItems.salesOrderItem.salesOrder.representative,pickItems.salesOrderItem.salesOrder.customer,pickItems.salesOrderItem.salesOrder.paymentTerm,pickBundleItems.pickItems.salesOrderItem.saleItem.images,pickBundleItems.pickItems.pickFromLocation,pickBundleItems.pickItems.item.images,pickBundleItems.pickItems.item.defaultUom,pickBundleItems.pickItems.item.tags,pickBundleItems.pickItems.item.itemTrackingTypes.trackingType,pickBundleItems.pickItems.salesOrderItem.saleItem,pickBundleItems.pickItems.salesOrderItem.salesOrder.representative,pickBundleItems.pickItems.salesOrderItem.salesOrder.customer,pickBundleItems.pickItems.salesOrderItem.salesOrder.paymentTerm",1578,0,0
1691668605241,7219,Picking,200,"Number of samples in transaction : 5, number of failing samples : 0",Thread Group 1-1,,true,,1860447,9071,1,1,null,6034,13,0
