{
  "https://api.fishbowlonline.com/v1/auth/authenticate" : {
    "transaction" : "https://api.fishbowlonline.com/v1/auth/authenticate",
    "sampleCount" : 1,
    "errorCount" : 0,
    "errorPct" : 0.0,
    "meanResTime" : 819.0,
    "medianResTime" : 819.0,
    "minResTime" : 819.0,
    "maxResTime" : 819.0,
    "pct1ResTime" : 819.0,
    "pct2ResTime" : 819.0,
    "pct3ResTime" : 819.0,
    "throughput" : 1.221001221001221,
    "receivedKBytesPerSec" : 6.837129884004884,
    "sentKBytesPerSec" : 0.6856208028083028
  },
  "Picking" : {
    "transaction" : "Picking",
    "sampleCount" : 1,
    "errorCount" : 0,
    "errorPct" : 0.0,
    "meanResTime" : 7219.0,
    "medianResTime" : 7219.0,
    "minResTime" : 7219.0,
    "maxResTime" : 7219.0,
    "pct1ResTime" : 7219.0,
    "pct2ResTime" : 7219.0,
    "pct3ResTime" : 7219.0,
    "throughput" : 0.13852334118298934,
    "receivedKBytesPerSec" : 251.6751313807314,
    "sentKBytesPerSec" : 1.2270949490926721
  },
  "Total" : {
    "transaction" : "Total",
    "sampleCount" : 6,
    "errorCount" : 0,
    "errorPct" : 0.0,
    "meanResTime" : 1339.6666666666665,
    "medianResTime" : 1191.0,
    "minResTime" : 539.0,
    "maxResTime" : 2905.0,
    "pct1ResTime" : 2905.0,
    "pct2ResTime" : 2905.0,
    "pct3ResTime" : 2905.0,
    "throughput" : 0.74524903738666,
    "receivedKBytesPerSec" : 226.3622385806111,
    "sentKBytesPerSec" : 1.1700312849335486
  },
  "start" : {
    "transaction" : "start",
    "sampleCount" : 1,
    "errorCount" : 0,
    "errorPct" : 0.0,
    "meanResTime" : 633.0,
    "medianResTime" : 633.0,
    "minResTime" : 633.0,
    "maxResTime" : 633.0,
    "pct1ResTime" : 633.0,
    "pct2ResTime" : 633.0,
    "pct3ResTime" : 633.0,
    "throughput" : 1.5797788309636651,
    "receivedKBytesPerSec" : 78.86706407977883,
    "sentKBytesPerSec" : 2.789296998420221
  },
  "commit" : {
    "transaction" : "commit",
    "sampleCount" : 1,
    "errorCount" : 0,
    "errorPct" : 0.0,
    "meanResTime" : 2905.0,
    "medianResTime" : 2905.0,
    "minResTime" : 2905.0,
    "maxResTime" : 2905.0,
    "pct1ResTime" : 2905.0,
    "pct2ResTime" : 2905.0,
    "pct3ResTime" : 2905.0,
    "throughput" : 0.34423407917383825,
    "receivedKBytesPerSec" : 17.1999381454389,
    "sentKBytesPerSec" : 0.7046041308089501
  },
  "picks" : {
    "transaction" : "picks",
    "sampleCount" : 1,
    "errorCount" : 0,
    "errorPct" : 0.0,
    "meanResTime" : 1563.0,
    "medianResTime" : 1563.0,
    "minResTime" : 1563.0,
    "maxResTime" : 1563.0,
    "pct1ResTime" : 1563.0,
    "pct2ResTime" : 1563.0,
    "pct3ResTime" : 1563.0,
    "throughput" : 0.6397952655150352,
    "receivedKBytesPerSec" : 1034.5595659388996,
    "sentKBytesPerSec" : 0.8459792866282789
  },
  "Login" : {
    "transaction" : "Login",
    "sampleCount" : 1,
    "errorCount" : 0,
    "errorPct" : 0.0,
    "meanResTime" : 819.0,
    "medianResTime" : 819.0,
    "minResTime" : 819.0,
    "maxResTime" : 819.0,
    "pct1ResTime" : 819.0,
    "pct2ResTime" : 819.0,
    "pct3ResTime" : 819.0,
    "throughput" : 1.221001221001221,
    "receivedKBytesPerSec" : 6.837129884004884,
    "sentKBytesPerSec" : 0.6856208028083028
  },
  "Finish" : {
    "transaction" : "Finish",
    "sampleCount" : 1,
    "errorCount" : 0,
    "errorPct" : 0.0,
    "meanResTime" : 1579.0,
    "medianResTime" : 1579.0,
    "minResTime" : 1579.0,
    "maxResTime" : 1579.0,
    "pct1ResTime" : 1579.0,
    "pct2ResTime" : 1579.0,
    "pct3ResTime" : 1579.0,
    "throughput" : 0.6333122229259025,
    "receivedKBytesPerSec" : 31.713233256808106,
    "sentKBytesPerSec" : 1.2963109563014568
  },
  "https://api.fishbowlonline.com/v1/picks/345?expand=pickItems.salesOrderItem.saleItem.images,pickItems.pickFromLocation,pickItems.pickToLocation,pickItems.item.images,pickItems.workOrderItem,pickItems.item.itemTrackingTypes.trackingType,pickItems.salesOrderItem.saleItem,pickItems.item.tags,pickItems.salesOrderItem.salesOrder.representative,pickItems.salesOrderItem.salesOrder.customer,pickItems.salesOrderItem.salesOrder.paymentTerm,pickBundleItems.pickItems.salesOrderItem.saleItem.images,pickBundleItems.pickItems.pickFromLocation,pickBundleItems.pickItems.item.images,pickBundleItems.pickItems.item.defaultUom,pickBundleItems.pickItems.item.tags,pickBundleItems.pickItems.item.itemTrackingTypes.trackingType,pickBundleItems.pickItems.salesOrderItem.saleItem,pickBundleItems.pickItems.salesOrderItem.salesOrder.representative,pickBundleItems.pickItems.salesOrderItem.salesOrder.customer,pickBundleItems.pickItems.salesOrderItem.salesOrder.paymentTerm" : {
    "transaction" : "https://api.fishbowlonline.com/v1/picks/345?expand=pickItems.salesOrderItem.saleItem.images,pickItems.pickFromLocation,pickItems.pickToLocation,pickItems.item.images,pickItems.workOrderItem,pickItems.item.itemTrackingTypes.trackingType,pickItems.salesOrderItem.saleItem,pickItems.item.tags,pickItems.salesOrderItem.salesOrder.representative,pickItems.salesOrderItem.salesOrder.customer,pickItems.salesOrderItem.salesOrder.paymentTerm,pickBundleItems.pickItems.salesOrderItem.saleItem.images,pickBundleItems.pickItems.pickFromLocation,pickBundleItems.pickItems.item.images,pickBundleItems.pickItems.item.defaultUom,pickBundleItems.pickItems.item.tags,pickBundleItems.pickItems.item.itemTrackingTypes.trackingType,pickBundleItems.pickItems.salesOrderItem.saleItem,pickBundleItems.pickItems.salesOrderItem.salesOrder.representative,pickBundleItems.pickItems.salesOrderItem.salesOrder.customer,pickBundleItems.pickItems.salesOrderItem.salesOrder.paymentTerm",
    "sampleCount" : 1,
    "errorCount" : 0,
    "errorPct" : 0.0,
    "meanResTime" : 539.0,
    "medianResTime" : 539.0,
    "minResTime" : 539.0,
    "maxResTime" : 539.0,
    "pct1ResTime" : 539.0,
    "pct2ResTime" : 539.0,
    "pct3ResTime" : 539.0,
    "throughput" : 1.8552875695732838,
    "receivedKBytesPerSec" : 92.50891407699443,
    "sentKBytesPerSec" : 3.110867926716141
  }
}