{
  "https://api.fishbowlonline.com/v1/auth/authenticate" : {
    "transaction" : "https://api.fishbowlonline.com/v1/auth/authenticate",
    "sampleCount" : 1,
    "errorCount" : 0,
    "errorPct" : 0.0,
    "meanResTime" : 806.0,
    "medianResTime" : 806.0,
    "minResTime" : 806.0,
    "maxResTime" : 806.0,
    "pct1ResTime" : 806.0,
    "pct2ResTime" : 806.0,
    "pct3ResTime" : 806.0,
    "throughput" : 1.2406947890818858,
    "receivedKBytesPerSec" : 6.947406172456575,
    "sentKBytesPerSec" : 0.696679202853598
  },
  "https://api.fishbowlonline.com/v1/sales_orders?expand=salesOrderItems.saleItem.images,customer.customerAddresses.customerAddressContacts,salesTax,payments,exchangeCurrency,salesOrderItems.saleItem.item.itemTrackingTypes,salesOrderItems.saleItem.item.tags,salesOrderItems.saleItem.item.defaultUom.toConversions,salesOrderItems.saleItem.item.defaultUom.fromConversions,salesOrderItems.saleItem.defaultUom.fromConversions,salesOrderItems.saleItem.defaultUom.toConversions,salesOrderBundleItems.item.images,salesOrderBundleItems.salesOrderItems.saleItem.defaultUom,salesOrderBundleItems.salesOrderItems.saleItem.images" : {
    "transaction" : "https://api.fishbowlonline.com/v1/sales_orders?expand=salesOrderItems.saleItem.images,customer.customerAddresses.customerAddressContacts,salesTax,payments,exchangeCurrency,salesOrderItems.saleItem.item.itemTrackingTypes,salesOrderItems.saleItem.item.tags,salesOrderItems.saleItem.item.defaultUom.toConversions,salesOrderItems.saleItem.item.defaultUom.fromConversions,salesOrderItems.saleItem.defaultUom.fromConversions,salesOrderItems.saleItem.defaultUom.toConversions,salesOrderBundleItems.item.images,salesOrderBundleItems.salesOrderItems.saleItem.defaultUom,salesOrderBundleItems.salesOrderItems.saleItem.images",
    "sampleCount" : 1,
    "errorCount" : 0,
    "errorPct" : 0.0,
    "meanResTime" : 540.0,
    "medianResTime" : 540.0,
    "minResTime" : 540.0,
    "maxResTime" : 540.0,
    "pct1ResTime" : 540.0,
    "pct2ResTime" : 540.0,
    "pct3ResTime" : 540.0,
    "throughput" : 1.8518518518518519,
    "receivedKBytesPerSec" : 36.89416956018518,
    "sentKBytesPerSec" : 6.477864583333333
  },
  "Total" : {
    "transaction" : "Total",
    "sampleCount" : 5,
    "errorCount" : 0,
    "errorPct" : 0.0,
    "meanResTime" : 541.6,
    "medianResTime" : 540.0,
    "minResTime" : 200.0,
    "maxResTime" : 806.0,
    "pct1ResTime" : 806.0,
    "pct2ResTime" : 806.0,
    "pct3ResTime" : 806.0,
    "throughput" : 1.8450184501845017,
    "receivedKBytesPerSec" : 26.617994695571955,
    "sentKBytesPerSec" : 2.8028424815498156
  },
  "sales_order_settings? " : {
    "transaction" : "sales_order_settings? ",
    "sampleCount" : 1,
    "errorCount" : 0,
    "errorPct" : 0.0,
    "meanResTime" : 200.0,
    "medianResTime" : 200.0,
    "minResTime" : 200.0,
    "maxResTime" : 200.0,
    "pct1ResTime" : 200.0,
    "pct2ResTime" : 200.0,
    "pct3ResTime" : 200.0,
    "throughput" : 5.0,
    "receivedKBytesPerSec" : 5.91796875,
    "sentKBytesPerSec" : 3.876953125
  },
  "https://api.fishbowlonline.com/v1/sales_orders/347/issue?expand=salesOrderItems.saleItem.images,customer.customerAddresses.customerAddressContacts,salesTax,payments,exchangeCurrency,salesOrderItems.saleItem.item.itemTrackingTypes,salesOrderItems.saleItem.item.tags,salesOrderItems.saleItem.item.defaultUom.toConversions,salesOrderItems.saleItem.item.defaultUom.fromConversions,salesOrderItems.saleItem.defaultUom.fromConversions,salesOrderItems.saleItem.defaultUom.toConversions,salesOrderBundleItems.item.images,salesOrderBundleItems.salesOrderItems.saleItem.defaultUom,salesOrderBundleItems.salesOrderItems.saleItem.images" : {
    "transaction" : "https://api.fishbowlonline.com/v1/sales_orders/347/issue?expand=salesOrderItems.saleItem.images,customer.customerAddresses.customerAddressContacts,salesTax,payments,exchangeCurrency,salesOrderItems.saleItem.item.itemTrackingTypes,salesOrderItems.saleItem.item.tags,salesOrderItems.saleItem.item.defaultUom.toConversions,salesOrderItems.saleItem.item.defaultUom.fromConversions,salesOrderItems.saleItem.defaultUom.fromConversions,salesOrderItems.saleItem.defaultUom.toConversions,salesOrderBundleItems.item.images,salesOrderBundleItems.salesOrderItems.saleItem.defaultUom,salesOrderBundleItems.salesOrderItems.saleItem.images",
    "sampleCount" : 1,
    "errorCount" : 0,
    "errorPct" : 0.0,
    "meanResTime" : 686.0,
    "medianResTime" : 686.0,
    "minResTime" : 686.0,
    "maxResTime" : 686.0,
    "pct1ResTime" : 686.0,
    "pct2ResTime" : 686.0,
    "pct3ResTime" : 686.0,
    "throughput" : 1.4577259475218658,
    "receivedKBytesPerSec" : 33.11628780976676,
    "sentKBytesPerSec" : 2.076974763119533
  },
  "Login" : {
    "transaction" : "Login",
    "sampleCount" : 1,
    "errorCount" : 0,
    "errorPct" : 0.0,
    "meanResTime" : 806.0,
    "medianResTime" : 806.0,
    "minResTime" : 806.0,
    "maxResTime" : 806.0,
    "pct1ResTime" : 806.0,
    "pct2ResTime" : 806.0,
    "pct3ResTime" : 806.0,
    "throughput" : 1.2406947890818858,
    "receivedKBytesPerSec" : 6.947406172456575,
    "sentKBytesPerSec" : 0.696679202853598
  },
  "add_so" : {
    "transaction" : "add_so",
    "sampleCount" : 1,
    "errorCount" : 0,
    "errorPct" : 0.0,
    "meanResTime" : 1902.0,
    "medianResTime" : 1902.0,
    "minResTime" : 1902.0,
    "maxResTime" : 1902.0,
    "pct1ResTime" : 1902.0,
    "pct2ResTime" : 1902.0,
    "pct3ResTime" : 1902.0,
    "throughput" : 0.5257623554153522,
    "receivedKBytesPerSec" : 34.9816804679285,
    "sentKBytesPerSec" : 3.6983068809148265
  },
  "https://api.fishbowlonline.com/v1/sales_orders/347?expand=salesOrderItems.saleItem.images,customer.customerAddresses.customerAddressContacts,salesTax,payments,exchangeCurrency,salesOrderItems.saleItem.item.itemTrackingTypes,salesOrderItems.saleItem.item.tags,salesOrderItems.saleItem.item.defaultUom.toConversions,salesOrderItems.saleItem.item.defaultUom.fromConversions,salesOrderItems.saleItem.defaultUom.fromConversions,salesOrderItems.saleItem.defaultUom.toConversions,salesOrderBundleItems.item.images,salesOrderBundleItems.salesOrderItems.saleItem.defaultUom,salesOrderBundleItems.salesOrderItems.saleItem.images" : {
    "transaction" : "https://api.fishbowlonline.com/v1/sales_orders/347?expand=salesOrderItems.saleItem.images,customer.customerAddresses.customerAddressContacts,salesTax,payments,exchangeCurrency,salesOrderItems.saleItem.item.itemTrackingTypes,salesOrderItems.saleItem.item.tags,salesOrderItems.saleItem.item.defaultUom.toConversions,salesOrderItems.saleItem.item.defaultUom.fromConversions,salesOrderItems.saleItem.defaultUom.fromConversions,salesOrderItems.saleItem.defaultUom.toConversions,salesOrderBundleItems.item.images,salesOrderBundleItems.salesOrderItems.saleItem.defaultUom,salesOrderBundleItems.salesOrderItems.saleItem.images",
    "sampleCount" : 1,
    "errorCount" : 0,
    "errorPct" : 0.0,
    "meanResTime" : 476.0,
    "medianResTime" : 476.0,
    "minResTime" : 476.0,
    "maxResTime" : 476.0,
    "pct1ResTime" : 476.0,
    "pct2ResTime" : 476.0,
    "pct3ResTime" : 476.0,
    "throughput" : 2.100840336134454,
    "receivedKBytesPerSec" : 47.71205357142858,
    "sentKBytesPerSec" : 2.806591386554622
  }
}