timeStamp,elapsed,label,responseCode,responseMessage,threadName,dataType,success,failureMessage,bytes,sentBytes,grpThreads,allThreads,URL,Latency,IdleTime,Connect
1691668810715,860,https://api.fishbowlonline.com/v1/auth/authenticate,200,,Thread Group 1-1,text,true,,5734,575,1,1,https://api.fishbowlonline.com/v1/auth/authenticate,860,0,526
1691668810714,860,Login,200,"Number of samples in transaction : 1, number of failing samples : 0",Thread Group 1-1,,true,,5734,575,1,1,null,860,2,526
1691668811576,2009,ships,200,,Thread Group 1-1,text,true,,900314,1106,1,1,https://api.fishbowlonline.com/v1/ships?quickSearchValue=&expand=carrier%2CshipCartons%2CshipItems.item.images%2CshipItems.item.itemTrackingTypes.trackingType%2CshipItems.uom%2CsalesOrder.customer.customerAddresses%2CorderPriority&quickSearchColumns=number%2Cstatus%2CorderPriority.name%2CshipToName%2Ccarrier.name&pageNumber=1&pageSize=25&orderBy=number&ascending=false&status=Open,459,0,0
1691668813598,439,"https://api.fishbowlonline.com/v1/ships/320?expand=carrier,shipBundleItems,shipBundleItems.shipItems,shipBundleItems.shipItems.item.images,shipBundleItems.shipItems.item.itemTrackingTypes,shipBundleItems.shipItems.uom,carrierService,shipCartons,shipItems,shipItems.item.images,shipItems.item.itemTrackingTypes,shipItems.salesOrderItem.saleItem,shipItems.uom,salesOrder.customer.customerAddresses,salesOrder.customer.carrierAccountSettings,salesOrder.salesOrderItems.saleItem,salesOrder.paymentTerm,salesOrder.representative,salesOrder.location.address",200,,Thread Group 1-1,text,true,,255785,1311,1,1,https://api.fishbowlonline.com/v1/ships/526?expand=carrier%2CshipBundleItems%2CshipBundleItems.shipItems%2CshipBundleItems.shipItems.item.images%2CshipBundleItems.shipItems.item.itemTrackingTypes%2CshipBundleItems.shipItems.uom%2CcarrierService%2CshipCartons%2CshipItems%2CshipItems.item.images%2CshipItems.item.itemTrackingTypes%2CshipItems.salesOrderItem.saleItem%2CshipItems.uom%2CsalesOrder.customer.customerAddresses%2CsalesOrder.customer.carrierAccountSettings%2CsalesOrder.salesOrderItems.saleItem%2CsalesOrder.paymentTerm%2CsalesOrder.representative%2CsalesOrder.location.address,263,0,0
1691668814037,506,"https://api.fishbowlonline.com/v1/ships?expand=carrier,shipBundleItems,shipBundleItems.shipItems,shipBundleItems.shipItems.item.images,shipBundleItems.shipItems.item.itemTrackingTypes,shipBundleItems.shipItems.uom,carrierService,shipCartons,shipItems,shipItems.item.images,shipItems.item.itemTrackingTypes,shipItems.salesOrderItem.saleItem,shipItems.uom,salesOrder.customer.customerAddresses,salesOrder.customer.carrierAccountSettings,salesOrder.salesOrderItems.saleItem,salesOrder.paymentTerm,salesOrder.representative,salesOrder.location.address",200,,Thread Group 1-1,text,true,,255792,2205,1,1,"https://api.fishbowlonline.com/v1/ships?expand=carrier,shipBundleItems,shipBundleItems.shipItems,shipBundleItems.shipItems.item.images,shipBundleItems.shipItems.item.itemTrackingTypes,shipBundleItems.shipItems.uom,carrierService,shipCartons,shipItems,shipItems.item.images,shipItems.item.itemTrackingTypes,shipItems.salesOrderItem.saleItem,shipItems.uom,salesOrder.customer.customerAddresses,salesOrder.customer.carrierAccountSettings,salesOrder.salesOrderItems.saleItem,salesOrder.paymentTerm,salesOrder.representative,salesOrder.location.address",332,0,0
1691668814543,257,pack,200,,Thread Group 1-1,text,true,,5506,856,1,1,https://api.fishbowlonline.com/v1/ships/526/pack,257,0,0
1691668814800,445,"https://api.fishbowlonline.com/v1/ships/320?expand=carrier,shipBundleItems,shipBundleItems.shipItems,shipBundleItems.shipItems.item.images,shipBundleItems.shipItems.item.itemTrackingTypes,shipBundleItems.shipItems.uom,carrierService,shipCartons,shipItems,shipItems.item.images,shipItems.item.itemTrackingTypes,shipItems.salesOrderItem.saleItem,shipItems.uom,salesOrder.customer.customerAddresses,salesOrder.customer.carrierAccountSettings,salesOrder.salesOrderItems.saleItem,salesOrder.paymentTerm,salesOrder.representative,salesOrder.location.address",200,,Thread Group 1-1,text,true,,255758,1311,1,1,https://api.fishbowlonline.com/v1/ships/526?expand=carrier%2CshipBundleItems%2CshipBundleItems.shipItems%2CshipBundleItems.shipItems.item.images%2CshipBundleItems.shipItems.item.itemTrackingTypes%2CshipBundleItems.shipItems.uom%2CcarrierService%2CshipCartons%2CshipItems%2CshipItems.item.images%2CshipItems.item.itemTrackingTypes%2CshipItems.salesOrderItem.saleItem%2CshipItems.uom%2CsalesOrder.customer.customerAddresses%2CsalesOrder.customer.carrierAccountSettings%2CsalesOrder.salesOrderItems.saleItem%2CsalesOrder.paymentTerm%2CsalesOrder.representative%2CsalesOrder.location.address,268,0,0
1691668815245,495,"https://api.fishbowlonline.com/v1/ships?expand=carrier,shipBundleItems,shipBundleItems.shipItems,shipBundleItems.shipItems.item.images,shipBundleItems.shipItems.item.itemTrackingTypes,shipBundleItems.shipItems.uom,carrierService,shipCartons,shipItems,shipItems.item.images,shipItems.item.itemTrackingTypes,shipItems.salesOrderItem.saleItem,shipItems.uom,salesOrder.customer.customerAddresses,salesOrder.customer.carrierAccountSettings,salesOrder.salesOrderItems.saleItem,salesOrder.paymentTerm,salesOrder.representative,salesOrder.location.address",200,,Thread Group 1-1,text,true,,255760,2205,1,1,"https://api.fishbowlonline.com/v1/ships?expand=carrier,shipBundleItems,shipBundleItems.shipItems,shipBundleItems.shipItems.item.images,shipBundleItems.shipItems.item.itemTrackingTypes,shipBundleItems.shipItems.uom,carrierService,shipCartons,shipItems,shipItems.item.images,shipItems.item.itemTrackingTypes,shipItems.salesOrderItem.saleItem,shipItems.uom,salesOrder.customer.customerAddresses,salesOrder.customer.carrierAccountSettings,salesOrder.salesOrderItems.saleItem,salesOrder.paymentTerm,salesOrder.representative,salesOrder.location.address",321,0,0
1691668815740,1561,finish,200,,Thread Group 1-1,text,true,,5559,858,1,1,https://api.fishbowlonline.com/v1/ships/526/finish,1561,0,0
1691668817301,427,"https://api.fishbowlonline.com/v1/ships/320?expand=carrier,shipBundleItems,shipBundleItems.shipItems,shipBundleItems.shipItems.item.images,shipBundleItems.shipItems.item.itemTrackingTypes,shipBundleItems.shipItems.uom,carrierService,shipCartons,shipItems,shipItems.item.images,shipItems.item.itemTrackingTypes,shipItems.salesOrderItem.saleItem,shipItems.uom,salesOrder.customer.customerAddresses,salesOrder.customer.carrierAccountSettings,salesOrder.salesOrderItems.saleItem,salesOrder.paymentTerm,salesOrder.representative,salesOrder.location.address",200,,Thread Group 1-1,text,true,,257176,1311,1,1,https://api.fishbowlonline.com/v1/ships/526?expand=carrier%2CshipBundleItems%2CshipBundleItems.shipItems%2CshipBundleItems.shipItems.item.images%2CshipBundleItems.shipItems.item.itemTrackingTypes%2CshipBundleItems.shipItems.uom%2CcarrierService%2CshipCartons%2CshipItems%2CshipItems.item.images%2CshipItems.item.itemTrackingTypes%2CshipItems.salesOrderItem.saleItem%2CshipItems.uom%2CsalesOrder.customer.customerAddresses%2CsalesOrder.customer.carrierAccountSettings%2CsalesOrder.salesOrderItems.saleItem%2CsalesOrder.paymentTerm%2CsalesOrder.representative%2CsalesOrder.location.address,253,0,0
1691668811576,6139,shiping,200,"Number of samples in transaction : 8, number of failing samples : 0",Thread Group 1-1,,true,,2191650,11163,1,1,null,3714,13,0
