timeStamp,elapsed,label,responseCode,responseMessage,threadName,dataType,success,failureMessage,bytes,sentBytes,grpThreads,allThreads,URL,Latency,IdleTime,Connect
1691589698591,1202,https://api.fishbowlonline.com/v1/auth/authenticate,200,,Thread Group 1-1,text,true,,5734,575,1,1,https://api.fishbowlonline.com/v1/auth/authenticate,1202,0,776
1691589698590,1202,login,200,"Number of samples in transaction : 1, number of failing samples : 0",Thread Group 1-1,,true,,5734,575,1,1,null,1202,2,776
1691589699795,2771,"https://api.fishbowlonline.com/v1/receipts?expand=salesOrder.customer,purchaseOrder.vendor&quickSearchValue=&quickSearchColumns=number,status&status=Open&pageNumber=1&pageSize=25&orderBy=number&ascending=false",200,,Thread Group 1-1,text,true,,646853,937,1,1,https://api.fishbowlonline.com/v1/receipts?quickSearchValue=&expand=salesOrder.customer%2CpurchaseOrder.vendor&quickSearchColumns=number%2Cstatus&pageNumber=1&pageSize=25&orderBy=number&ascending=false&status=Open,969,0,0
1691589702573,1341,"https://api.fishbowlonline.com/v1/receipts/69?expand=purchaseOrder,purchaseOrder.fobPoint,receiptItems.purchaseOrderItem,receiptItems.location,receiptItems.item.images,receiptItems.item.itemUomConversions,receiptItems.uom.fromConversions,receiptItems.uom.toConversions,receiptItems.item.itemTrackingTypes.trackingType,receiptItems.item.itemLocations,salesOrder,salesOrder.exchangeCurrency",200,,Thread Group 1-1,text,true,,482207,1134,1,1,https://api.fishbowlonline.com/v1/receipts/79?expand=purchaseOrder%2CpurchaseOrder.fobPoint%2CreceiptItems.purchaseOrderItem%2CreceiptItems.location%2CreceiptItems.item.images%2CreceiptItems.item.itemUomConversions%2CreceiptItems.uom.fromConversions%2CreceiptItems.uom.toConversions%2CreceiptItems.item.itemTrackingTypes.trackingType%2CreceiptItems.item.itemLocations%2CsalesOrder%2CsalesOrder.exchangeCurrency,350,0,0
1691589703981,15599,receive,200,,Thread Group 1-1,text,true,,483194,4540,1,1,"https://api.fishbowlonline.com/v1/receipts/79/receive?expand=purchaseOrder,purchaseOrder.fobPoint,receiptItems.purchaseOrderItem,receiptItems.location,receiptItems.item.images,receiptItems.item.itemUomConversions,receiptItems.uom.fromConversions,receiptItems.uom.toConversions,receiptItems.item.itemTrackingTypes.trackingType,receiptItems.item.itemLocations,salesOrder,salesOrder.exchangeCurrency",15067,0,0
1691589719581,7703,fulfill,200,,Thread Group 1-1,text,true,,486412,287840,1,1,"https://api.fishbowlonline.com/v1/receipts/79/fulfill?expand=purchaseOrder,purchaseOrder.fobPoint,receiptItems.purchaseOrderItem,receiptItems.location,receiptItems.item.images,receiptItems.item.itemUomConversions,receiptItems.uom.fromConversions,receiptItems.uom.toConversions,receiptItems.item.itemTrackingTypes.trackingType,receiptItems.item.itemLocations,salesOrder,salesOrder.exchangeCurrency",6732,0,0
1691589699795,27414,po,200,"Number of samples in transaction : 4, number of failing samples : 0",Thread Group 1-1,,true,,2098666,294451,1,1,null,23118,75,0
