{
  "https://api.fishbowlonline.com/v1/ships?expand=carrier,shipBundleItems,shipBundleItems.shipItems,shipBundleItems.shipItems.item.images,shipBundleItems.shipItems.item.itemTrackingTypes,shipBundleItems.shipItems.uom,carrierService,shipCartons,shipItems,shipItems.item.images,shipItems.item.itemTrackingTypes,shipItems.salesOrderItem.saleItem,shipItems.uom,salesOrder.customer.customerAddresses,salesOrder.customer.carrierAccountSettings,salesOrder.salesOrderItems.saleItem,salesOrder.paymentTerm,salesOrder.representative,salesOrder.location.address" : {
    "transaction" : "https://api.fishbowlonline.com/v1/ships?expand=carrier,shipBundleItems,shipBundleItems.shipItems,shipBundleItems.shipItems.item.images,shipBundleItems.shipItems.item.itemTrackingTypes,shipBundleItems.shipItems.uom,carrierService,shipCartons,shipItems,shipItems.item.images,shipItems.item.itemTrackingTypes,shipItems.salesOrderItem.saleItem,shipItems.uom,salesOrder.customer.customerAddresses,salesOrder.customer.carrierAccountSettings,salesOrder.salesOrderItems.saleItem,salesOrder.paymentTerm,salesOrder.representative,salesOrder.location.address",
    "sampleCount" : 2,
    "errorCount" : 0,
    "errorPct" : 0.0,
    "meanResTime" : 4117.0,
    "medianResTime" : 4117.0,
    "minResTime" : 3593.0,
    "maxResTime" : 4641.0,
    "pct1ResTime" : 4641.0,
    "pct2ResTime" : 4641.0,
    "pct3ResTime" : 4641.0,
    "throughput" : 0.1531510835439161,
    "receivedKBytesPerSec" : 2011.8675637969984,
    "sentKBytesPerSec" : 0.329783339076499
  },
  "https://api.fishbowlonline.com/v1/auth/authenticate" : {
    "transaction" : "https://api.fishbowlonline.com/v1/auth/authenticate",
    "sampleCount" : 1,
    "errorCount" : 0,
    "errorPct" : 0.0,
    "meanResTime" : 809.0,
    "medianResTime" : 809.0,
    "minResTime" : 809.0,
    "maxResTime" : 809.0,
    "pct1ResTime" : 809.0,
    "pct2ResTime" : 809.0,
    "pct3ResTime" : 809.0,
    "throughput" : 1.2360939431396785,
    "receivedKBytesPerSec" : 6.9216432323856605,
    "sentKBytesPerSec" : 0.6940957200247219
  },
  "ships" : {
    "transaction" : "ships",
    "sampleCount" : 1,
    "errorCount" : 0,
    "errorPct" : 0.0,
    "meanResTime" : 4657.0,
    "medianResTime" : 4657.0,
    "minResTime" : 4657.0,
    "maxResTime" : 4657.0,
    "pct1ResTime" : 4657.0,
    "pct2ResTime" : 4657.0,
    "pct3ResTime" : 4657.0,
    "throughput" : 0.21473051320592657,
    "receivedKBytesPerSec" : 234.45195908041657,
    "sentKBytesPerSec" : 0.2319257300837449
  },
  "shiping" : {
    "transaction" : "shiping",
    "sampleCount" : 1,
    "errorCount" : 0,
    "errorPct" : 0.0,
    "meanResTime" : 70914.0,
    "medianResTime" : 70914.0,
    "minResTime" : 70914.0,
    "maxResTime" : 70914.0,
    "pct1ResTime" : 70914.0,
    "pct2ResTime" : 70914.0,
    "pct3ResTime" : 70914.0,
    "throughput" : 0.014101587838790647,
    "receivedKBytesPerSec" : 942.9425932070889,
    "sentKBytesPerSec" : 0.1537265869574414
  },
  "Total" : {
    "transaction" : "Total",
    "sampleCount" : 9,
    "errorCount" : 0,
    "errorPct" : 0.0,
    "meanResTime" : 7969.222222222223,
    "medianResTime" : 4641.0,
    "minResTime" : 273.0,
    "maxResTime" : 23176.0,
    "pct1ResTime" : 23176.0,
    "pct2ResTime" : 23176.0,
    "pct3ResTime" : 23176.0,
    "throughput" : 0.1254600200736032,
    "receivedKBytesPerSec" : 932.2157726115548,
    "sentKBytesPerSec" : 0.15979272087933533
  },
  "https://api.fishbowlonline.com/v1/ships/320?expand=carrier,shipBundleItems,shipBundleItems.shipItems,shipBundleItems.shipItems.item.images,shipBundleItems.shipItems.item.itemTrackingTypes,shipBundleItems.shipItems.uom,carrierService,shipCartons,shipItems,shipItems.item.images,shipItems.item.itemTrackingTypes,shipItems.salesOrderItem.saleItem,shipItems.uom,salesOrder.customer.customerAddresses,salesOrder.customer.carrierAccountSettings,salesOrder.salesOrderItems.saleItem,salesOrder.paymentTerm,salesOrder.representative,salesOrder.location.address" : {
    "transaction" : "https://api.fishbowlonline.com/v1/ships/320?expand=carrier,shipBundleItems,shipBundleItems.shipItems,shipBundleItems.shipItems.item.images,shipBundleItems.shipItems.item.itemTrackingTypes,shipBundleItems.shipItems.uom,carrierService,shipCartons,shipItems,shipItems.item.images,shipItems.item.itemTrackingTypes,shipItems.salesOrderItem.saleItem,shipItems.uom,salesOrder.customer.customerAddresses,salesOrder.customer.carrierAccountSettings,salesOrder.salesOrderItems.saleItem,salesOrder.paymentTerm,salesOrder.representative,salesOrder.location.address",
    "sampleCount" : 3,
    "errorCount" : 0,
    "errorPct" : 0.0,
    "meanResTime" : 11567.0,
    "medianResTime" : 6973.0,
    "minResTime" : 4552.0,
    "maxResTime" : 23176.0,
    "pct1ResTime" : 23176.0,
    "pct2ResTime" : 23176.0,
    "pct3ResTime" : 23176.0,
    "throughput" : 0.04527755139002083,
    "receivedKBytesPerSec" : 596.0367521657762,
    "sentKBytesPerSec" : 0.05796764635968487
  },
  "finish" : {
    "transaction" : "finish",
    "sampleCount" : 1,
    "errorCount" : 0,
    "errorPct" : 0.0,
    "meanResTime" : 23049.0,
    "medianResTime" : 23049.0,
    "minResTime" : 23049.0,
    "maxResTime" : 23049.0,
    "pct1ResTime" : 23049.0,
    "pct2ResTime" : 23049.0,
    "pct3ResTime" : 23049.0,
    "throughput" : 0.043385830187860644,
    "receivedKBytesPerSec" : 0.2355714998481496,
    "sentKBytesPerSec" : 0.03635258037225042
  },
  "Login" : {
    "transaction" : "Login",
    "sampleCount" : 1,
    "errorCount" : 0,
    "errorPct" : 0.0,
    "meanResTime" : 809.0,
    "medianResTime" : 809.0,
    "minResTime" : 809.0,
    "maxResTime" : 809.0,
    "pct1ResTime" : 809.0,
    "pct2ResTime" : 809.0,
    "pct3ResTime" : 809.0,
    "throughput" : 1.2360939431396785,
    "receivedKBytesPerSec" : 6.9216432323856605,
    "sentKBytesPerSec" : 0.6940957200247219
  },
  "pack" : {
    "transaction" : "pack",
    "sampleCount" : 1,
    "errorCount" : 0,
    "errorPct" : 0.0,
    "meanResTime" : 273.0,
    "medianResTime" : 273.0,
    "minResTime" : 273.0,
    "maxResTime" : 273.0,
    "pct1ResTime" : 273.0,
    "pct2ResTime" : 273.0,
    "pct3ResTime" : 273.0,
    "throughput" : 3.663003663003663,
    "receivedKBytesPerSec" : 19.695798992673993,
    "sentKBytesPerSec" : 3.062042124542124
  }
}