timeStamp,elapsed,label,responseCode,responseMessage,threadName,dataType,success,failureMessage,bytes,sentBytes,grpThreads,allThreads,URL,Latency,IdleTime,Connect
1691663786114,850,https://api.fishbowlonline.com/v1/auth/authenticate,200,,Thread Group 1-1,text,true,,5734,575,1,1,https://api.fishbowlonline.com/v1/auth/authenticate,850,0,521
1691663786113,850,login,200,"Number of samples in transaction : 1, number of failing samples : 0",Thread Group 1-1,,true,,5734,575,1,1,null,850,2,521
1691663786965,1141,"https://api.fishbowlonline.com/v1/receipts?expand=salesOrder.customer,purchaseOrder.vendor&quickSearchValue=&quickSearchColumns=number,status&status=Open&pageNumber=1&pageSize=25&orderBy=number&ascending=false",200,,Thread Group 1-1,text,true,,538861,937,1,1,https://api.fishbowlonline.com/v1/receipts?quickSearchValue=&expand=salesOrder.customer%2CpurchaseOrder.vendor&quickSearchColumns=number%2Cstatus&pageNumber=1&pageSize=25&orderBy=number&ascending=false&status=Open,457,0,0
1691663788111,260,"https://api.fishbowlonline.com/v1/receipts/69?expand=purchaseOrder,purchaseOrder.fobPoint,receiptItems.purchaseOrderItem,receiptItems.location,receiptItems.item.images,receiptItems.item.itemUomConversions,receiptItems.uom.fromConversions,receiptItems.uom.toConversions,receiptItems.item.itemTrackingTypes.trackingType,receiptItems.item.itemLocations,salesOrder,salesOrder.exchangeCurrency",200,,Thread Group 1-1,text,true,,54603,1134,1,1,https://api.fishbowlonline.com/v1/receipts/77?expand=purchaseOrder%2CpurchaseOrder.fobPoint%2CreceiptItems.purchaseOrderItem%2CreceiptItems.location%2CreceiptItems.item.images%2CreceiptItems.item.itemUomConversions%2CreceiptItems.uom.fromConversions%2CreceiptItems.uom.toConversions%2CreceiptItems.item.itemTrackingTypes.trackingType%2CreceiptItems.item.itemLocations%2CsalesOrder%2CsalesOrder.exchangeCurrency,259,0,0
1691663788382,201,receive,400,,Thread Group 1-1,text,false,,1121,4459,1,1,"https://api.fishbowlonline.com/v1/receipts/77/receive?expand=purchaseOrder,purchaseOrder.fobPoint,receiptItems.purchaseOrderItem,receiptItems.location,receiptItems.item.images,receiptItems.item.itemUomConversions,receiptItems.uom.fromConversions,receiptItems.uom.toConversions,receiptItems.item.itemTrackingTypes.trackingType,receiptItems.item.itemLocations,salesOrder,salesOrder.exchangeCurrency",201,0,0
1691663788584,685,fulfill,400,,Thread Group 1-1,text,false,,1123,287522,1,1,"https://api.fishbowlonline.com/v1/receipts/77/fulfill?expand=purchaseOrder,purchaseOrder.fobPoint,receiptItems.purchaseOrderItem,receiptItems.location,receiptItems.item.images,receiptItems.item.itemUomConversions,receiptItems.uom.fromConversions,receiptItems.uom.toConversions,receiptItems.item.itemTrackingTypes.trackingType,receiptItems.item.itemLocations,salesOrder,salesOrder.exchangeCurrency",685,0,0
1691663786965,2287,po,,"Number of samples in transaction : 4, number of failing samples : 2",Thread Group 1-1,,false,,595708,294052,1,1,null,1602,18,0
