{
  "https://api.fishbowlonline.com/v1/receipts?expand=salesOrder.customer,purchaseOrder.vendor&quickSearchValue=&quickSearchColumns=number,status&status=Open&pageNumber=1&pageSize=25&orderBy=number&ascending=false" : {
    "transaction" : "https://api.fishbowlonline.com/v1/receipts?expand=salesOrder.customer,purchaseOrder.vendor&quickSearchValue=&quickSearchColumns=number,status&status=Open&pageNumber=1&pageSize=25&orderBy=number&ascending=false",
    "sampleCount" : 1,
    "errorCount" : 0,
    "errorPct" : 0.0,
    "meanResTime" : 1624.0,
    "medianResTime" : 1624.0,
    "minResTime" : 1624.0,
    "maxResTime" : 1624.0,
    "pct1ResTime" : 1624.0,
    "pct2ResTime" : 1624.0,
    "pct3ResTime" : 1624.0,
    "throughput" : 0.6157635467980296,
    "receivedKBytesPerSec" : 648.7586110683498,
    "sentKBytesPerSec" : 0.5634476985837438
  },
  "receive" : {
    "transaction" : "receive",
    "sampleCount" : 1,
    "errorCount" : 0,
    "errorPct" : 0.0,
    "meanResTime" : 17152.0,
    "medianResTime" : 17152.0,
    "minResTime" : 17152.0,
    "maxResTime" : 17152.0,
    "pct1ResTime" : 17152.0,
    "pct2ResTime" : 17152.0,
    "pct3ResTime" : 17152.0,
    "throughput" : 0.05830223880597015,
    "receivedKBytesPerSec" : 27.508123597102376,
    "sentKBytesPerSec" : 0.2584884415811567
  },
  "https://api.fishbowlonline.com/v1/auth/authenticate" : {
    "transaction" : "https://api.fishbowlonline.com/v1/auth/authenticate",
    "sampleCount" : 1,
    "errorCount" : 0,
    "errorPct" : 0.0,
    "meanResTime" : 829.0,
    "medianResTime" : 829.0,
    "minResTime" : 829.0,
    "maxResTime" : 829.0,
    "pct1ResTime" : 829.0,
    "pct2ResTime" : 829.0,
    "pct3ResTime" : 829.0,
    "throughput" : 1.2062726176115801,
    "receivedKBytesPerSec" : 6.754655458383595,
    "sentKBytesPerSec" : 0.6773503468033776
  },
  "fulfill" : {
    "transaction" : "fulfill",
    "sampleCount" : 1,
    "errorCount" : 0,
    "errorPct" : 0.0,
    "meanResTime" : 4564.0,
    "medianResTime" : 4564.0,
    "minResTime" : 4564.0,
    "maxResTime" : 4564.0,
    "pct1ResTime" : 4564.0,
    "pct2ResTime" : 4564.0,
    "pct3ResTime" : 4564.0,
    "throughput" : 0.21910604732690622,
    "receivedKBytesPerSec" : 104.04884010736197,
    "sentKBytesPerSec" : 61.58934049079755
  },
  "https://api.fishbowlonline.com/v1/receipts/69?expand=purchaseOrder,purchaseOrder.fobPoint,receiptItems.purchaseOrderItem,receiptItems.location,receiptItems.item.images,receiptItems.item.itemUomConversions,receiptItems.uom.fromConversions,receiptItems.uom.toConversions,receiptItems.item.itemTrackingTypes.trackingType,receiptItems.item.itemLocations,salesOrder,salesOrder.exchangeCurrency" : {
    "transaction" : "https://api.fishbowlonline.com/v1/receipts/69?expand=purchaseOrder,purchaseOrder.fobPoint,receiptItems.purchaseOrderItem,receiptItems.location,receiptItems.item.images,receiptItems.item.itemUomConversions,receiptItems.uom.fromConversions,receiptItems.uom.toConversions,receiptItems.item.itemTrackingTypes.trackingType,receiptItems.item.itemLocations,salesOrder,salesOrder.exchangeCurrency",
    "sampleCount" : 1,
    "errorCount" : 0,
    "errorPct" : 0.0,
    "meanResTime" : 289.0,
    "medianResTime" : 289.0,
    "minResTime" : 289.0,
    "maxResTime" : 289.0,
    "pct1ResTime" : 289.0,
    "pct2ResTime" : 289.0,
    "pct3ResTime" : 289.0,
    "throughput" : 3.4602076124567476,
    "receivedKBytesPerSec" : 1629.3793252595158,
    "sentKBytesPerSec" : 3.831909602076125
  },
  "Total" : {
    "transaction" : "Total",
    "sampleCount" : 5,
    "errorCount" : 0,
    "errorPct" : 0.0,
    "meanResTime" : 4891.6,
    "medianResTime" : 1624.0,
    "minResTime" : 289.0,
    "maxResTime" : 17152.0,
    "pct1ResTime" : 17152.0,
    "pct2ResTime" : 17152.0,
    "pct3ResTime" : 17152.0,
    "throughput" : 0.2037988098149507,
    "receivedKBytesPerSec" : 100.9526559443018,
    "sentKBytesPerSec" : 11.743349153215945
  },
  "login" : {
    "transaction" : "login",
    "sampleCount" : 1,
    "errorCount" : 0,
    "errorPct" : 0.0,
    "meanResTime" : 829.0,
    "medianResTime" : 829.0,
    "minResTime" : 829.0,
    "maxResTime" : 829.0,
    "pct1ResTime" : 829.0,
    "pct2ResTime" : 829.0,
    "pct3ResTime" : 829.0,
    "throughput" : 1.2062726176115801,
    "receivedKBytesPerSec" : 6.754655458383595,
    "sentKBytesPerSec" : 0.6773503468033776
  },
  "po" : {
    "transaction" : "po",
    "sampleCount" : 1,
    "errorCount" : 0,
    "errorPct" : 0.0,
    "meanResTime" : 23629.0,
    "medianResTime" : 23629.0,
    "minResTime" : 23629.0,
    "maxResTime" : 23629.0,
    "pct1ResTime" : 23629.0,
    "pct2ResTime" : 23629.0,
    "pct3ResTime" : 23629.0,
    "throughput" : 0.04232087688856913,
    "receivedKBytesPerSec" : 104.58220202135088,
    "sentKBytesPerSec" : 12.169359883511786
  }
}