timeStamp,elapsed,label,responseCode,responseMessage,threadName,dataType,success,failureMessage,bytes,sentBytes,grpThreads,allThreads,URL,Latency,IdleTime,Connect
1691576509770,1153,https://api.fishbowlonline.com/v1/auth/authenticate,200,,Thread Group 1-1,text,true,,5734,575,1,1,https://api.fishbowlonline.com/v1/auth/authenticate,1153,0,732
1691576509770,1153,Login,200,"Number of samples in transaction : 1, number of failing samples : 0",Thread Group 1-1,,true,,5734,575,1,1,null,1153,1,732
1691576510924,278,sales_order_settings ,200,,Thread Group 1-1,text,true,,1212,794,1,1,https://api.fishbowlonline.com/v1/sales_order_settings?expand=salesTax,278,0,0
1691576511203,1927,sales_orders,200,,Thread Group 1-1,text,true,,312202,1126,1,1,https://api.fishbowlonline.com/v1/sales_orders?quickSearchValue=&expand=customer%2Crepresentative%2Clocation%2CsalesOrderItems%2C+salesOrderBundleItems%2C+salesOrderBundleItems.salesOrderItems%2C+salesOrderBundleItems.salesOrderItems.saleItem&quickSearchColumns=number%2CsalesOrderStatus%2Ccustomer.name%2Crepresentative.firstName%2Clocation.name&pageNumber=1&pageSize=25&orderBy=number&ascending=false,568,0,0
1691576513132,489,"https://api.fishbowlonline.com/v1/sales_orders?expand=salesOrderItems.saleItem.images,customer.customerAddresses.customerAddressContacts,salesTax,payments,exchangeCurrency,salesOrderItems.saleItem.item.itemTrackingTypes,salesOrderItems.saleItem.item.tags,salesOrderItems.saleItem.item.defaultUom.toConversions,salesOrderItems.saleItem.item.defaultUom.fromConversions,salesOrderItems.saleItem.defaultUom.fromConversions,salesOrderItems.saleItem.defaultUom.toConversions,salesOrderBundleItems.item.images,salesOrderBundleItems.salesOrderItems.saleItem.defaultUom,salesOrderBundleItems.salesOrderItems.saleItem.images",201,,Thread Group 1-1,text,true,,20448,3586,1,1,"https://api.fishbowlonline.com/v1/sales_orders?expand=salesOrderItems.saleItem.images,customer.customerAddresses.customerAddressContacts,salesTax,payments,exchangeCurrency,salesOrderItems.saleItem.item.itemTrackingTypes,salesOrderItems.saleItem.item.tags,salesOrderItems.saleItem.item.defaultUom.toConversions,salesOrderItems.saleItem.item.defaultUom.fromConversions,salesOrderItems.saleItem.defaultUom.fromConversions,salesOrderItems.saleItem.defaultUom.toConversions,salesOrderBundleItems.item.images,salesOrderBundleItems.salesOrderItems.saleItem.defaultUom,salesOrderBundleItems.salesOrderItems.saleItem.images",480,0,0
1691576513622,9001,quick_fulfill,200,,Thread Group 1-1,text,true,,23410,1467,1,1,https://api.fishbowlonline.com/v1/sales_orders/599/quick_fulfill,8996,0,0
1691576522623,639,"https://api.fishbowlonline.com/v1/sales_orders/255?expand=salesOrderItems.saleItem.images,customer.customerAddresses.customerAddressContacts,salesTax,payments,exchangeCurrency,salesOrderItems.saleItem.item.itemTrackingTypes,salesOrderItems.saleItem.item.tags,salesOrderItems.saleItem.item.defaultUom.toConversions,salesOrderItems.saleItem.item.defaultUom.fromConversions,salesOrderItems.saleItem.defaultUom.fromConversions,salesOrderItems.saleItem.defaultUom.toConversions,salesOrderBundleItems.item.images,salesOrderBundleItems.salesOrderItems.saleItem.defaultUom,salesOrderBundleItems.salesOrderItems.saleItem.images",200,,Thread Group 1-1,text,true,,23445,1368,1,1,https://api.fishbowlonline.com/v1/sales_orders/599?expand=salesOrderItems.saleItem.images%2Ccustomer.customerAddresses.customerAddressContacts%2CsalesTax%2Cpayments%2CexchangeCurrency%2CsalesOrderItems.saleItem.item.itemTrackingTypes%2CsalesOrderItems.saleItem.item.tags%2CsalesOrderItems.saleItem.item.defaultUom.toConversions%2CsalesOrderItems.saleItem.item.defaultUom.fromConversions%2CsalesOrderItems.saleItem.defaultUom.fromConversions%2CsalesOrderItems.saleItem.defaultUom.toConversions%2CsalesOrderBundleItems.item.images%2CsalesOrderBundleItems.salesOrderItems.saleItem.defaultUom%2CsalesOrderBundleItems.salesOrderItems.saleItem.images,625,0,0
1691576510924,12334,SO_QF,200,"Number of samples in transaction : 5, number of failing samples : 0",Thread Group 1-1,,true,,380717,8341,1,1,null,10947,5,0
