timeStamp,elapsed,label,responseCode,responseMessage,threadName,dataType,success,failureMessage,bytes,sentBytes,grpThreads,allThreads,URL,Latency,IdleTime,Connect
1691589241930,1171,https://api.fishbowlonline.com/v1/auth/authenticate,200,,Thread Group 1-1,text,true,,5734,575,1,1,https://api.fishbowlonline.com/v1/auth/authenticate,1171,0,779
1691589241882,1171,login,200,"Number of samples in transaction : 1, number of failing samples : 0",Thread Group 1-1,,true,,5734,575,1,1,null,1171,86,779
1691589243139,268,purchase_order_settings? ,200,,Thread Group 1-1,text,true,,1014,800,1,1,https://api.fishbowlonline.com/v1/purchase_order_settings?expand=purchaseTax,267,0,0
1691589243409,341,next_po_number,200,,Thread Group 1-1,text,true,,453,788,1,1,https://api.fishbowlonline.com/v1/purchase_orders/next_po_number,341,0,0
1691589243751,1878,"https://api.fishbowlonline.com/v1/purchase_orders?expand=purchaseOrderItems.item.images,purchaseOrderItems.item.vendorItems,purchaseOrderItems.item.itemTrackingTypes,purchaseOrderItems.item.defaultUom.fromConversions,purchaseOrderItems.item.defaultUom.toConversions,vendor.currency",201,,Thread Group 1-1,text,true,,106983,9943,1,1,"https://api.fishbowlonline.com/v1/purchase_orders?expand=purchaseOrderItems.item.images,purchaseOrderItems.item.vendorItems,purchaseOrderItems.item.itemTrackingTypes,purchaseOrderItems.item.defaultUom.fromConversions,purchaseOrderItems.item.defaultUom.toConversions,vendor.currency",860,0,0
1691589245630,1701,"https://api.fishbowlonline.com/v1/purchase_orders?quickSearchValue=&quickSearchColumns=number,purchaseOrderStatus,vendor.name,buyer.firstName&expand=buyer,purchaseOrderItems&pageNumber=1&pageSize=25&orderBy=number&ascending=false",200,,Thread Group 1-1,text,true,,1883150,961,1,1,https://api.fishbowlonline.com/v1/purchase_orders?quickSearchValue=&expand=buyer%2CpurchaseOrderItems&quickSearchColumns=number%2CpurchaseOrderStatus%2Cvendor.name%2Cbuyer.firstName&pageNumber=1&pageSize=25&orderBy=number&ascending=false,313,0,0
1691589247375,1587,issue,200,,Thread Group 1-1,text,true,,107013,1109,1,1,https://api.fishbowlonline.com/v1/purchase_orders/83/issue,1525,0,0
1691589248964,430,"https://api.fishbowlonline.com/v1/purchase_orders/37?expand=purchaseOrderItems.item.images,purchaseOrderItems.item.vendorItems,purchaseOrderItems.item.itemTrackingTypes,purchaseOrderItems.item.defaultUom.fromConversions,purchaseOrderItems.item.defaultUom.toConversions,vendor.currency",200,,Thread Group 1-1,text,true,,107007,1018,1,1,https://api.fishbowlonline.com/v1/purchase_orders/83?expand=purchaseOrderItems.item.images%2CpurchaseOrderItems.item.vendorItems%2CpurchaseOrderItems.item.itemTrackingTypes%2CpurchaseOrderItems.item.defaultUom.fromConversions%2CpurchaseOrderItems.item.defaultUom.toConversions%2Cvendor.currency,325,0,0
1691589243139,6205,po,200,"Number of samples in transaction : 6, number of failing samples : 0",Thread Group 1-1,,true,,2205620,14619,1,1,null,3631,50,0
