timeStamp,elapsed,label,responseCode,responseMessage,threadName,dataType,success,failureMessage,bytes,sentBytes,grpThreads,allThreads,URL,Latency,IdleTime,Connect
1691663076873,814,https://api.fishbowlonline.com/v1/auth/authenticate,200,,Thread Group 1-1,text,true,,5734,575,1,1,https://api.fishbowlonline.com/v1/auth/authenticate,814,0,512
1691663076873,814,login,200,"Number of samples in transaction : 1, number of failing samples : 0",Thread Group 1-1,,true,,5734,575,1,1,null,814,1,512
1691663077688,208,purchase_order_settings? ,200,,Thread Group 1-1,text,true,,1014,800,1,1,https://api.fishbowlonline.com/v1/purchase_order_settings?expand=purchaseTax,208,0,0
1691663077897,241,next_po_number,200,,Thread Group 1-1,text,true,,453,788,1,1,https://api.fishbowlonline.com/v1/purchase_orders/next_po_number,241,0,0
1691663078139,997,"https://api.fishbowlonline.com/v1/purchase_orders?expand=purchaseOrderItems.item.images,purchaseOrderItems.item.vendorItems,purchaseOrderItems.item.itemTrackingTypes,purchaseOrderItems.item.defaultUom.fromConversions,purchaseOrderItems.item.defaultUom.toConversions,vendor.currency",201,,Thread Group 1-1,text,true,,107019,9943,1,1,"https://api.fishbowlonline.com/v1/purchase_orders?expand=purchaseOrderItems.item.images,purchaseOrderItems.item.vendorItems,purchaseOrderItems.item.itemTrackingTypes,purchaseOrderItems.item.defaultUom.fromConversions,purchaseOrderItems.item.defaultUom.toConversions,vendor.currency",663,0,0
1691663079136,1304,"https://api.fishbowlonline.com/v1/purchase_orders?quickSearchValue=&quickSearchColumns=number,purchaseOrderStatus,vendor.name,buyer.firstName&expand=buyer,purchaseOrderItems&pageNumber=1&pageSize=25&orderBy=number&ascending=false",200,,Thread Group 1-1,text,true,,2946124,961,1,1,https://api.fishbowlonline.com/v1/purchase_orders?quickSearchValue=&expand=buyer%2CpurchaseOrderItems&quickSearchColumns=number%2CpurchaseOrderStatus%2Cvendor.name%2Cbuyer.firstName&pageNumber=1&pageSize=25&orderBy=number&ascending=false,282,0,0
1691663080452,1153,issue,200,,Thread Group 1-1,text,true,,107107,1109,1,1,https://api.fishbowlonline.com/v1/purchase_orders/91/issue,1151,0,0
1691663081605,274,"https://api.fishbowlonline.com/v1/purchase_orders/37?expand=purchaseOrderItems.item.images,purchaseOrderItems.item.vendorItems,purchaseOrderItems.item.itemTrackingTypes,purchaseOrderItems.item.defaultUom.fromConversions,purchaseOrderItems.item.defaultUom.toConversions,vendor.currency",200,,Thread Group 1-1,text,true,,107007,1018,1,1,https://api.fishbowlonline.com/v1/purchase_orders/91?expand=purchaseOrderItems.item.images%2CpurchaseOrderItems.item.vendorItems%2CpurchaseOrderItems.item.itemTrackingTypes%2CpurchaseOrderItems.item.defaultUom.fromConversions%2CpurchaseOrderItems.item.defaultUom.toConversions%2Cvendor.currency,272,0,0
1691663077688,4177,po,200,"Number of samples in transaction : 6, number of failing samples : 0",Thread Group 1-1,,true,,3268724,14619,1,1,null,2817,14,0
