timeStamp,elapsed,label,responseCode,responseMessage,threadName,dataType,success,failureMessage,bytes,sentBytes,grpThreads,allThreads,URL,Latency,IdleTime,Connect
1691590997208,1188,https://api.fishbowlonline.com/v1/auth/authenticate,200,,Thread Group 1-1,text,true,,5734,575,1,1,https://api.fishbowlonline.com/v1/auth/authenticate,1188,0,783
1691590997208,1188,Login,200,"Number of samples in transaction : 1, number of failing samples : 0",Thread Group 1-1,,true,,5734,575,1,1,null,1188,0,783
1691590998396,2155,ships,200,,Thread Group 1-1,text,true,,931897,1106,1,1,https://api.fishbowlonline.com/v1/ships?quickSearchValue=&expand=carrier%2CshipCartons%2CshipItems.item.images%2CshipItems.item.itemTrackingTypes.trackingType%2CshipItems.uom%2CsalesOrder.customer.customerAddresses%2CorderPriority&quickSearchColumns=number%2Cstatus%2CorderPriority.name%2CshipToName%2Ccarrier.name&pageNumber=1&pageSize=25&orderBy=number&ascending=false&status=Open,335,0,0
1691591000561,520,"https://api.fishbowlonline.com/v1/ships/320?expand=carrier,shipBundleItems,shipBundleItems.shipItems,shipBundleItems.shipItems.item.images,shipBundleItems.shipItems.item.itemTrackingTypes,shipBundleItems.shipItems.uom,carrierService,shipCartons,shipItems,shipItems.item.images,shipItems.item.itemTrackingTypes,shipItems.salesOrderItem.saleItem,shipItems.uom,salesOrder.customer.customerAddresses,salesOrder.customer.carrierAccountSettings,salesOrder.salesOrderItems.saleItem,salesOrder.paymentTerm,salesOrder.representative,salesOrder.location.address",200,,Thread Group 1-1,text,true,,255824,1311,1,1,https://api.fishbowlonline.com/v1/ships/507?expand=carrier%2CshipBundleItems%2CshipBundleItems.shipItems%2CshipBundleItems.shipItems.item.images%2CshipBundleItems.shipItems.item.itemTrackingTypes%2CshipBundleItems.shipItems.uom%2CcarrierService%2CshipCartons%2CshipItems%2CshipItems.item.images%2CshipItems.item.itemTrackingTypes%2CshipItems.salesOrderItem.saleItem%2CshipItems.uom%2CsalesOrder.customer.customerAddresses%2CsalesOrder.customer.carrierAccountSettings%2CsalesOrder.salesOrderItems.saleItem%2CsalesOrder.paymentTerm%2CsalesOrder.representative%2CsalesOrder.location.address,342,0,0
1691591001082,612,"https://api.fishbowlonline.com/v1/ships?expand=carrier,shipBundleItems,shipBundleItems.shipItems,shipBundleItems.shipItems.item.images,shipBundleItems.shipItems.item.itemTrackingTypes,shipBundleItems.shipItems.uom,carrierService,shipCartons,shipItems,shipItems.item.images,shipItems.item.itemTrackingTypes,shipItems.salesOrderItem.saleItem,shipItems.uom,salesOrder.customer.customerAddresses,salesOrder.customer.carrierAccountSettings,salesOrder.salesOrderItems.saleItem,salesOrder.paymentTerm,salesOrder.representative,salesOrder.location.address",200,,Thread Group 1-1,text,true,,255815,2205,1,1,"https://api.fishbowlonline.com/v1/ships?expand=carrier,shipBundleItems,shipBundleItems.shipItems,shipBundleItems.shipItems.item.images,shipBundleItems.shipItems.item.itemTrackingTypes,shipBundleItems.shipItems.uom,carrierService,shipCartons,shipItems,shipItems.item.images,shipItems.item.itemTrackingTypes,shipItems.salesOrderItem.saleItem,shipItems.uom,salesOrder.customer.customerAddresses,salesOrder.customer.carrierAccountSettings,salesOrder.salesOrderItems.saleItem,salesOrder.paymentTerm,salesOrder.representative,salesOrder.location.address",476,0,0
1691591001695,316,pack,200,,Thread Group 1-1,text,true,,5506,856,1,1,https://api.fishbowlonline.com/v1/ships/507/pack,316,0,0
1691591002011,500,"https://api.fishbowlonline.com/v1/ships/320?expand=carrier,shipBundleItems,shipBundleItems.shipItems,shipBundleItems.shipItems.item.images,shipBundleItems.shipItems.item.itemTrackingTypes,shipBundleItems.shipItems.uom,carrierService,shipCartons,shipItems,shipItems.item.images,shipItems.item.itemTrackingTypes,shipItems.salesOrderItem.saleItem,shipItems.uom,salesOrder.customer.customerAddresses,salesOrder.customer.carrierAccountSettings,salesOrder.salesOrderItems.saleItem,salesOrder.paymentTerm,salesOrder.representative,salesOrder.location.address",200,,Thread Group 1-1,text,true,,255838,1311,1,1,https://api.fishbowlonline.com/v1/ships/507?expand=carrier%2CshipBundleItems%2CshipBundleItems.shipItems%2CshipBundleItems.shipItems.item.images%2CshipBundleItems.shipItems.item.itemTrackingTypes%2CshipBundleItems.shipItems.uom%2CcarrierService%2CshipCartons%2CshipItems%2CshipItems.item.images%2CshipItems.item.itemTrackingTypes%2CshipItems.salesOrderItem.saleItem%2CshipItems.uom%2CsalesOrder.customer.customerAddresses%2CsalesOrder.customer.carrierAccountSettings%2CsalesOrder.salesOrderItems.saleItem%2CsalesOrder.paymentTerm%2CsalesOrder.representative%2CsalesOrder.location.address,344,0,0
1691591002512,631,"https://api.fishbowlonline.com/v1/ships?expand=carrier,shipBundleItems,shipBundleItems.shipItems,shipBundleItems.shipItems.item.images,shipBundleItems.shipItems.item.itemTrackingTypes,shipBundleItems.shipItems.uom,carrierService,shipCartons,shipItems,shipItems.item.images,shipItems.item.itemTrackingTypes,shipItems.salesOrderItem.saleItem,shipItems.uom,salesOrder.customer.customerAddresses,salesOrder.customer.carrierAccountSettings,salesOrder.salesOrderItems.saleItem,salesOrder.paymentTerm,salesOrder.representative,salesOrder.location.address",200,,Thread Group 1-1,text,true,,255767,2205,1,1,"https://api.fishbowlonline.com/v1/ships?expand=carrier,shipBundleItems,shipBundleItems.shipItems,shipBundleItems.shipItems.item.images,shipBundleItems.shipItems.item.itemTrackingTypes,shipBundleItems.shipItems.uom,carrierService,shipCartons,shipItems,shipItems.item.images,shipItems.item.itemTrackingTypes,shipItems.salesOrderItem.saleItem,shipItems.uom,salesOrder.customer.customerAddresses,salesOrder.customer.carrierAccountSettings,salesOrder.salesOrderItems.saleItem,salesOrder.paymentTerm,salesOrder.representative,salesOrder.location.address",463,0,0
1691591003143,1838,finish,200,,Thread Group 1-1,text,true,,5559,858,1,1,https://api.fishbowlonline.com/v1/ships/507/finish,1838,0,0
1691591004981,551,"https://api.fishbowlonline.com/v1/ships/320?expand=carrier,shipBundleItems,shipBundleItems.shipItems,shipBundleItems.shipItems.item.images,shipBundleItems.shipItems.item.itemTrackingTypes,shipBundleItems.shipItems.uom,carrierService,shipCartons,shipItems,shipItems.item.images,shipItems.item.itemTrackingTypes,shipItems.salesOrderItem.saleItem,shipItems.uom,salesOrder.customer.customerAddresses,salesOrder.customer.carrierAccountSettings,salesOrder.salesOrderItems.saleItem,salesOrder.paymentTerm,salesOrder.representative,salesOrder.location.address",200,,Thread Group 1-1,text,true,,257143,1311,1,1,https://api.fishbowlonline.com/v1/ships/507?expand=carrier%2CshipBundleItems%2CshipBundleItems.shipItems%2CshipBundleItems.shipItems.item.images%2CshipBundleItems.shipItems.item.itemTrackingTypes%2CshipBundleItems.shipItems.uom%2CcarrierService%2CshipCartons%2CshipItems%2CshipItems.item.images%2CshipItems.item.itemTrackingTypes%2CshipItems.salesOrderItem.saleItem%2CshipItems.uom%2CsalesOrder.customer.customerAddresses%2CsalesOrder.customer.carrierAccountSettings%2CsalesOrder.salesOrderItems.saleItem%2CsalesOrder.paymentTerm%2CsalesOrder.representative%2CsalesOrder.location.address,348,0,0
1691590998396,7123,shiping,200,"Number of samples in transaction : 8, number of failing samples : 0",Thread Group 1-1,,true,,2223349,11163,1,1,null,4462,13,0
