{
  "https://api.fishbowlonline.com/v1/auth/authenticate" : {
    "transaction" : "https://api.fishbowlonline.com/v1/auth/authenticate",
    "sampleCount" : 1,
    "errorCount" : 0,
    "errorPct" : 0.0,
    "meanResTime" : 1492.0,
    "medianResTime" : 1492.0,
    "minResTime" : 1492.0,
    "maxResTime" : 1492.0,
    "pct1ResTime" : 1492.0,
    "pct2ResTime" : 1492.0,
    "pct3ResTime" : 1492.0,
    "throughput" : 0.6702412868632708,
    "receivedKBytesPerSec" : 3.7530893934316354,
    "sentKBytesPerSec" : 0.3770107238605898
  },
  "https://api.fishbowlonline.com/v1/picks/379/commit?expand=pickItems.salesOrderItem.saleItem.images,pickItems.pickFromLocation,pickItems.pickToLocation,pickItems.item.images,pickItems.workOrderItem,pickItems.item.itemTrackingTypes.trackingType,pickItems.salesOrderItem.saleItem,pickItems.item.tags,pickItems.salesOrderItem.salesOrder.representative,pickItems.salesOrderItem.salesOrder.customer,pickItems.salesOrderItem.salesOrder.paymentTerm,pickBundleItems.pickItems.salesOrderItem.saleItem.images,pickBundleItems.pickItems.pickFromLocation,pickBundleItems.pickItems.item.images,pickBundleItems.pickItems.item.defaultUom,pickBundleItems.pickItems.item.tags,pickBundleItems.pickItems.item.itemTrackingTypes.trackingType,pickBundleItems.pickItems.salesOrderItem.saleItem,pickBundleItems.pickItems.salesOrderItem.salesOrder.representative,pickBundleItems.pickItems.salesOrderItem.salesOrder.customer,pickBundleItems.pickItems.salesOrderItem.salesOrder.paymentTerm" : {
    "transaction" : "https://api.fishbowlonline.com/v1/picks/379/commit?expand=pickItems.salesOrderItem.saleItem.images,pickItems.pickFromLocation,pickItems.pickToLocation,pickItems.item.images,pickItems.workOrderItem,pickItems.item.itemTrackingTypes.trackingType,pickItems.salesOrderItem.saleItem,pickItems.item.tags,pickItems.salesOrderItem.salesOrder.representative,pickItems.salesOrderItem.salesOrder.customer,pickItems.salesOrderItem.salesOrder.paymentTerm,pickBundleItems.pickItems.salesOrderItem.saleItem.images,pickBundleItems.pickItems.pickFromLocation,pickBundleItems.pickItems.item.images,pickBundleItems.pickItems.item.defaultUom,pickBundleItems.pickItems.item.tags,pickBundleItems.pickItems.item.itemTrackingTypes.trackingType,pickBundleItems.pickItems.salesOrderItem.saleItem,pickBundleItems.pickItems.salesOrderItem.salesOrder.representative,pickBundleItems.pickItems.salesOrderItem.salesOrder.customer,pickBundleItems.pickItems.salesOrderItem.salesOrder.paymentTerm",
    "sampleCount" : 1,
    "errorCount" : 0,
    "errorPct" : 0.0,
    "meanResTime" : 37170.0,
    "medianResTime" : 37170.0,
    "minResTime" : 37170.0,
    "maxResTime" : 37170.0,
    "pct1ResTime" : 37170.0,
    "pct2ResTime" : 37170.0,
    "pct3ResTime" : 37170.0,
    "throughput" : 0.02690341673392521,
    "receivedKBytesPerSec" : 11.14227073244552,
    "sentKBytesPerSec" : 0.1395352014393328
  },
  "https://api.fishbowlonline.com/v1/picks/379?expand=pickItems.salesOrderItem.saleItem.images,pickItems.pickFromLocation,pickItems.pickToLocation,pickItems.item.images,pickItems.workOrderItem,pickItems.item.itemTrackingTypes.trackingType,pickItems.salesOrderItem.saleItem,pickItems.item.tags,pickItems.salesOrderItem.salesOrder.representative,pickItems.salesOrderItem.salesOrder.customer,pickItems.salesOrderItem.salesOrder.paymentTerm,pickBundleItems.pickItems.salesOrderItem.saleItem.images,pickBundleItems.pickItems.pickFromLocation,pickBundleItems.pickItems.item.images,pickBundleItems.pickItems.item.defaultUom,pickBundleItems.pickItems.item.tags,pickBundleItems.pickItems.item.itemTrackingTypes.trackingType,pickBundleItems.pickItems.salesOrderItem.saleItem,pickBundleItems.pickItems.salesOrderItem.salesOrder.representative,pickBundleItems.pickItems.salesOrderItem.salesOrder.customer,pickBundleItems.pickItems.salesOrderItem.salesOrder.paymentTerm" : {
    "transaction" : "https://api.fishbowlonline.com/v1/picks/379?expand=pickItems.salesOrderItem.saleItem.images,pickItems.pickFromLocation,pickItems.pickToLocation,pickItems.item.images,pickItems.workOrderItem,pickItems.item.itemTrackingTypes.trackingType,pickItems.salesOrderItem.saleItem,pickItems.item.tags,pickItems.salesOrderItem.salesOrder.representative,pickItems.salesOrderItem.salesOrder.customer,pickItems.salesOrderItem.salesOrder.paymentTerm,pickBundleItems.pickItems.salesOrderItem.saleItem.images,pickBundleItems.pickItems.pickFromLocation,pickBundleItems.pickItems.item.images,pickBundleItems.pickItems.item.defaultUom,pickBundleItems.pickItems.item.tags,pickBundleItems.pickItems.item.itemTrackingTypes.trackingType,pickBundleItems.pickItems.salesOrderItem.saleItem,pickBundleItems.pickItems.salesOrderItem.salesOrder.representative,pickBundleItems.pickItems.salesOrderItem.salesOrder.customer,pickBundleItems.pickItems.salesOrderItem.salesOrder.paymentTerm",
    "sampleCount" : 1,
    "errorCount" : 0,
    "errorPct" : 0.0,
    "meanResTime" : 2763.0,
    "medianResTime" : 2763.0,
    "minResTime" : 2763.0,
    "maxResTime" : 2763.0,
    "pct1ResTime" : 2763.0,
    "pct2ResTime" : 2763.0,
    "pct3ResTime" : 2763.0,
    "throughput" : 0.3619254433586681,
    "receivedKBytesPerSec" : 149.57770652370613,
    "sentKBytesPerSec" : 0.607214757509953
  },
  "pick" : {
    "transaction" : "pick",
    "sampleCount" : 1,
    "errorCount" : 0,
    "errorPct" : 0.0,
    "meanResTime" : 59305.0,
    "medianResTime" : 59305.0,
    "minResTime" : 59305.0,
    "maxResTime" : 59305.0,
    "pct1ResTime" : 59305.0,
    "pct2ResTime" : 59305.0,
    "pct3ResTime" : 59305.0,
    "throughput" : 0.01686198465559396,
    "receivedKBytesPerSec" : 55.180334315192646,
    "sentKBytesPerSec" : 0.2553009864261023
  },
  "Total" : {
    "transaction" : "Total",
    "sampleCount" : 6,
    "errorCount" : 0,
    "errorPct" : 0.0,
    "meanResTime" : 10132.833333333332,
    "medianResTime" : 3078.5,
    "minResTime" : 1492.0,
    "maxResTime" : 37170.0,
    "pct1ResTime" : 37170.0,
    "pct2ResTime" : 37170.0,
    "pct3ResTime" : 37170.0,
    "throughput" : 0.09857396333048564,
    "receivedKBytesPerSec" : 53.85538108591542,
    "sentKBytesPerSec" : 0.2579865446540054
  },
  "https://api.fishbowlonline.com/v1/picks/379/finish?expand=pickItems.salesOrderItem.saleItem.images,pickItems.pickFromLocation,pickItems.pickToLocation,pickItems.item.images,pickItems.workOrderItem,pickItems.item.itemTrackingTypes.trackingType,pickItems.salesOrderItem.saleItem,pickItems.item.tags,pickItems.salesOrderItem.salesOrder.representative,pickItems.salesOrderItem.salesOrder.customer,pickItems.salesOrderItem.salesOrder.paymentTerm,pickBundleItems.pickItems.salesOrderItem.saleItem.images,pickBundleItems.pickItems.pickFromLocation,pickBundleItems.pickItems.item.images,pickBundleItems.pickItems.item.defaultUom,pickBundleItems.pickItems.item.tags,pickBundleItems.pickItems.item.itemTrackingTypes.trackingType,pickBundleItems.pickItems.salesOrderItem.saleItem,pickBundleItems.pickItems.salesOrderItem.salesOrder.representative,pickBundleItems.pickItems.salesOrderItem.salesOrder.customer,pickBundleItems.pickItems.salesOrderItem.salesOrder.paymentTerm" : {
    "transaction" : "https://api.fishbowlonline.com/v1/picks/379/finish?expand=pickItems.salesOrderItem.saleItem.images,pickItems.pickFromLocation,pickItems.pickToLocation,pickItems.item.images,pickItems.workOrderItem,pickItems.item.itemTrackingTypes.trackingType,pickItems.salesOrderItem.saleItem,pickItems.item.tags,pickItems.salesOrderItem.salesOrder.representative,pickItems.salesOrderItem.salesOrder.customer,pickItems.salesOrderItem.salesOrder.paymentTerm,pickBundleItems.pickItems.salesOrderItem.saleItem.images,pickBundleItems.pickItems.pickFromLocation,pickBundleItems.pickItems.item.images,pickBundleItems.pickItems.item.defaultUom,pickBundleItems.pickItems.item.tags,pickBundleItems.pickItems.item.itemTrackingTypes.trackingType,pickBundleItems.pickItems.salesOrderItem.saleItem,pickBundleItems.pickItems.salesOrderItem.salesOrder.representative,pickBundleItems.pickItems.salesOrderItem.salesOrder.customer,pickBundleItems.pickItems.salesOrderItem.salesOrder.paymentTerm",
    "sampleCount" : 1,
    "errorCount" : 0,
    "errorPct" : 0.0,
    "meanResTime" : 13215.0,
    "medianResTime" : 13215.0,
    "minResTime" : 13215.0,
    "maxResTime" : 13215.0,
    "pct1ResTime" : 13215.0,
    "pct2ResTime" : 13215.0,
    "pct3ResTime" : 13215.0,
    "throughput" : 0.07567158531971245,
    "receivedKBytesPerSec" : 31.391958120507,
    "sentKBytesPerSec" : 0.39247245081346954
  },
  "start" : {
    "transaction" : "start",
    "sampleCount" : 1,
    "errorCount" : 0,
    "errorPct" : 0.0,
    "meanResTime" : 3044.0,
    "medianResTime" : 3044.0,
    "minResTime" : 3044.0,
    "maxResTime" : 3044.0,
    "pct1ResTime" : 3044.0,
    "pct2ResTime" : 3044.0,
    "pct3ResTime" : 3044.0,
    "throughput" : 0.328515111695138,
    "receivedKBytesPerSec" : 136.01712641672142,
    "sentKBytesPerSec" : 0.5803553096254928
  },
  "picks" : {
    "transaction" : "picks",
    "sampleCount" : 1,
    "errorCount" : 0,
    "errorPct" : 0.0,
    "meanResTime" : 3113.0,
    "medianResTime" : 3113.0,
    "minResTime" : 3113.0,
    "maxResTime" : 3113.0,
    "pct1ResTime" : 3113.0,
    "pct2ResTime" : 3113.0,
    "pct3ResTime" : 3113.0,
    "throughput" : 0.32123353678124,
    "receivedKBytesPerSec" : 519.160764836974,
    "sentKBytesPerSec" : 0.42506976790876966
  },
  "login" : {
    "transaction" : "login",
    "sampleCount" : 1,
    "errorCount" : 0,
    "errorPct" : 0.0,
    "meanResTime" : 1492.0,
    "medianResTime" : 1492.0,
    "minResTime" : 1492.0,
    "maxResTime" : 1492.0,
    "pct1ResTime" : 1492.0,
    "pct2ResTime" : 1492.0,
    "pct3ResTime" : 1492.0,
    "throughput" : 0.6702412868632708,
    "receivedKBytesPerSec" : 3.7530893934316354,
    "sentKBytesPerSec" : 0.3770107238605898
  }
}