{
  "https://api.fishbowlonline.com/v1/auth/authenticate" : {
    "transaction" : "https://api.fishbowlonline.com/v1/auth/authenticate",
    "sampleCount" : 1,
    "errorCount" : 0,
    "errorPct" : 0.0,
    "meanResTime" : 1153.0,
    "medianResTime" : 1153.0,
    "minResTime" : 1153.0,
    "maxResTime" : 1153.0,
    "pct1ResTime" : 1153.0,
    "pct2ResTime" : 1153.0,
    "pct3ResTime" : 1153.0,
    "throughput" : 0.8673026886383347,
    "receivedKBytesPerSec" : 4.856556266261926,
    "sentKBytesPerSec" : 0.4870107870771899
  },
  "https://api.fishbowlonline.com/v1/sales_orders?expand=salesOrderItems.saleItem.images,customer.customerAddresses.customerAddressContacts,salesTax,payments,exchangeCurrency,salesOrderItems.saleItem.item.itemTrackingTypes,salesOrderItems.saleItem.item.tags,salesOrderItems.saleItem.item.defaultUom.toConversions,salesOrderItems.saleItem.item.defaultUom.fromConversions,salesOrderItems.saleItem.defaultUom.fromConversions,salesOrderItems.saleItem.defaultUom.toConversions,salesOrderBundleItems.item.images,salesOrderBundleItems.salesOrderItems.saleItem.defaultUom,salesOrderBundleItems.salesOrderItems.saleItem.images" : {
    "transaction" : "https://api.fishbowlonline.com/v1/sales_orders?expand=salesOrderItems.saleItem.images,customer.customerAddresses.customerAddressContacts,salesTax,payments,exchangeCurrency,salesOrderItems.saleItem.item.itemTrackingTypes,salesOrderItems.saleItem.item.tags,salesOrderItems.saleItem.item.defaultUom.toConversions,salesOrderItems.saleItem.item.defaultUom.fromConversions,salesOrderItems.saleItem.defaultUom.fromConversions,salesOrderItems.saleItem.defaultUom.toConversions,salesOrderBundleItems.item.images,salesOrderBundleItems.salesOrderItems.saleItem.defaultUom,salesOrderBundleItems.salesOrderItems.saleItem.images",
    "sampleCount" : 1,
    "errorCount" : 0,
    "errorPct" : 0.0,
    "meanResTime" : 489.0,
    "medianResTime" : 489.0,
    "minResTime" : 489.0,
    "maxResTime" : 489.0,
    "pct1ResTime" : 489.0,
    "pct2ResTime" : 489.0,
    "pct3ResTime" : 489.0,
    "throughput" : 2.044989775051125,
    "receivedKBytesPerSec" : 40.83588957055215,
    "sentKBytesPerSec" : 7.161458333333333
  },
  "Total" : {
    "transaction" : "Total",
    "sampleCount" : 6,
    "errorCount" : 0,
    "errorPct" : 0.0,
    "meanResTime" : 2247.833333333333,
    "medianResTime" : 896.0,
    "minResTime" : 278.0,
    "maxResTime" : 9001.0,
    "pct1ResTime" : 9001.0,
    "pct2ResTime" : 9001.0,
    "pct3ResTime" : 9001.0,
    "throughput" : 0.4447079750963534,
    "receivedKBytesPerSec" : 27.971653919915504,
    "sentKBytesPerSec" : 0.6453477060480284
  },
  "quick_fulfill" : {
    "transaction" : "quick_fulfill",
    "sampleCount" : 1,
    "errorCount" : 0,
    "errorPct" : 0.0,
    "meanResTime" : 9001.0,
    "medianResTime" : 9001.0,
    "minResTime" : 9001.0,
    "maxResTime" : 9001.0,
    "pct1ResTime" : 9001.0,
    "pct2ResTime" : 9001.0,
    "pct3ResTime" : 9001.0,
    "throughput" : 0.11109876680368848,
    "receivedKBytesPerSec" : 2.53986536218198,
    "sentKBytesPerSec" : 0.15916200283301857
  },
  "sales_order_settings " : {
    "transaction" : "sales_order_settings ",
    "sampleCount" : 1,
    "errorCount" : 0,
    "errorPct" : 0.0,
    "meanResTime" : 278.0,
    "medianResTime" : 278.0,
    "minResTime" : 278.0,
    "maxResTime" : 278.0,
    "pct1ResTime" : 278.0,
    "pct2ResTime" : 278.0,
    "pct3ResTime" : 278.0,
    "throughput" : 3.5971223021582737,
    "receivedKBytesPerSec" : 4.257531474820143,
    "sentKBytesPerSec" : 2.7891749100719423
  },
  "https://api.fishbowlonline.com/v1/sales_orders/255?expand=salesOrderItems.saleItem.images,customer.customerAddresses.customerAddressContacts,salesTax,payments,exchangeCurrency,salesOrderItems.saleItem.item.itemTrackingTypes,salesOrderItems.saleItem.item.tags,salesOrderItems.saleItem.item.defaultUom.toConversions,salesOrderItems.saleItem.item.defaultUom.fromConversions,salesOrderItems.saleItem.defaultUom.fromConversions,salesOrderItems.saleItem.defaultUom.toConversions,salesOrderBundleItems.item.images,salesOrderBundleItems.salesOrderItems.saleItem.defaultUom,salesOrderBundleItems.salesOrderItems.saleItem.images" : {
    "transaction" : "https://api.fishbowlonline.com/v1/sales_orders/255?expand=salesOrderItems.saleItem.images,customer.customerAddresses.customerAddressContacts,salesTax,payments,exchangeCurrency,salesOrderItems.saleItem.item.itemTrackingTypes,salesOrderItems.saleItem.item.tags,salesOrderItems.saleItem.item.defaultUom.toConversions,salesOrderItems.saleItem.item.defaultUom.fromConversions,salesOrderItems.saleItem.defaultUom.fromConversions,salesOrderItems.saleItem.defaultUom.toConversions,salesOrderBundleItems.item.images,salesOrderBundleItems.salesOrderItems.saleItem.defaultUom,salesOrderBundleItems.salesOrderItems.saleItem.images",
    "sampleCount" : 1,
    "errorCount" : 0,
    "errorPct" : 0.0,
    "meanResTime" : 639.0,
    "medianResTime" : 639.0,
    "minResTime" : 639.0,
    "maxResTime" : 639.0,
    "pct1ResTime" : 639.0,
    "pct2ResTime" : 639.0,
    "pct3ResTime" : 639.0,
    "throughput" : 1.5649452269170578,
    "receivedKBytesPerSec" : 35.83021566901408,
    "sentKBytesPerSec" : 2.090669014084507
  },
  "Login" : {
    "transaction" : "Login",
    "sampleCount" : 1,
    "errorCount" : 0,
    "errorPct" : 0.0,
    "meanResTime" : 1153.0,
    "medianResTime" : 1153.0,
    "minResTime" : 1153.0,
    "maxResTime" : 1153.0,
    "pct1ResTime" : 1153.0,
    "pct2ResTime" : 1153.0,
    "pct3ResTime" : 1153.0,
    "throughput" : 0.8673026886383347,
    "receivedKBytesPerSec" : 4.856556266261926,
    "sentKBytesPerSec" : 0.4870107870771899
  },
  "SO_QF" : {
    "transaction" : "SO_QF",
    "sampleCount" : 1,
    "errorCount" : 0,
    "errorPct" : 0.0,
    "meanResTime" : 12334.0,
    "medianResTime" : 12334.0,
    "minResTime" : 12334.0,
    "maxResTime" : 12334.0,
    "pct1ResTime" : 12334.0,
    "pct2ResTime" : 12334.0,
    "pct3ResTime" : 12334.0,
    "throughput" : 0.08107669855683476,
    "receivedKBytesPerSec" : 30.143825629357874,
    "sentKBytesPerSec" : 0.660410881506405
  },
  "sales_orders" : {
    "transaction" : "sales_orders",
    "sampleCount" : 1,
    "errorCount" : 0,
    "errorPct" : 0.0,
    "meanResTime" : 1927.0,
    "medianResTime" : 1927.0,
    "minResTime" : 1927.0,
    "maxResTime" : 1927.0,
    "pct1ResTime" : 1927.0,
    "pct2ResTime" : 1927.0,
    "pct3ResTime" : 1927.0,
    "throughput" : 0.5189413596263622,
    "receivedKBytesPerSec" : 158.2173148028023,
    "sentKBytesPerSec" : 0.5706327841203944
  }
}