{
  "https://api.fishbowlonline.com/v1/auth/authenticate" : {
    "transaction" : "https://api.fishbowlonline.com/v1/auth/authenticate",
    "sampleCount" : 1,
    "errorCount" : 0,
    "errorPct" : 0.0,
    "meanResTime" : 999.0,
    "medianResTime" : 999.0,
    "minResTime" : 999.0,
    "maxResTime" : 999.0,
    "pct1ResTime" : 999.0,
    "pct2ResTime" : 999.0,
    "pct3ResTime" : 999.0,
    "throughput" : 1.001001001001001,
    "receivedKBytesPerSec" : 5.60521458958959,
    "sentKBytesPerSec" : 0.5630630630630631
  },
  "sales_order_settings" : {
    "transaction" : "sales_order_settings",
    "sampleCount" : 1,
    "errorCount" : 0,
    "errorPct" : 0.0,
    "meanResTime" : 203.0,
    "medianResTime" : 203.0,
    "minResTime" : 203.0,
    "maxResTime" : 203.0,
    "pct1ResTime" : 203.0,
    "pct2ResTime" : 203.0,
    "pct3ResTime" : 203.0,
    "throughput" : 4.926108374384237,
    "receivedKBytesPerSec" : 5.830511083743842,
    "sentKBytesPerSec" : 3.8244689039408866
  },
  "https://api.fishbowlonline.com/v1/sales_orders?expand=salesOrderItems.saleItem.images,customer.customerAddresses.customerAddressContacts,salesTax,payments,exchangeCurrency,salesOrderItems.saleItem.item.itemTrackingTypes,salesOrderItems.saleItem.item.tags,salesOrderItems.saleItem.item.defaultUom.toConversions,salesOrderItems.saleItem.item.defaultUom.fromConversions,salesOrderItems.saleItem.defaultUom.fromConversions,salesOrderItems.saleItem.defaultUom.toConversions,salesOrderBundleItems.item.images,salesOrderBundleItems.salesOrderItems.saleItem.defaultUom,salesOrderBundleItems.salesOrderItems.saleItem.images" : {
    "transaction" : "https://api.fishbowlonline.com/v1/sales_orders?expand=salesOrderItems.saleItem.images,customer.customerAddresses.customerAddressContacts,salesTax,payments,exchangeCurrency,salesOrderItems.saleItem.item.itemTrackingTypes,salesOrderItems.saleItem.item.tags,salesOrderItems.saleItem.item.defaultUom.toConversions,salesOrderItems.saleItem.item.defaultUom.fromConversions,salesOrderItems.saleItem.defaultUom.fromConversions,salesOrderItems.saleItem.defaultUom.toConversions,salesOrderBundleItems.item.images,salesOrderBundleItems.salesOrderItems.saleItem.defaultUom,salesOrderBundleItems.salesOrderItems.saleItem.images",
    "sampleCount" : 1,
    "errorCount" : 0,
    "errorPct" : 0.0,
    "meanResTime" : 1310.0,
    "medianResTime" : 1310.0,
    "minResTime" : 1310.0,
    "maxResTime" : 1310.0,
    "pct1ResTime" : 1310.0,
    "pct2ResTime" : 1310.0,
    "pct3ResTime" : 1310.0,
    "throughput" : 0.7633587786259541,
    "receivedKBytesPerSec" : 112.90031607824427,
    "sentKBytesPerSec" : 8.144233062977099
  },
  "Total" : {
    "transaction" : "Total",
    "sampleCount" : 5,
    "errorCount" : 0,
    "errorPct" : 0.0,
    "meanResTime" : 28152.6,
    "medianResTime" : 1101.0,
    "minResTime" : 203.0,
    "maxResTime" : 137150.0,
    "pct1ResTime" : 137150.0,
    "pct2ResTime" : 137150.0,
    "pct3ResTime" : 137150.0,
    "throughput" : 0.035519436235508066,
    "receivedKBytesPerSec" : 6.718085120552966,
    "sentKBytesPerSec" : 0.10330467284823255
  },
  "quick_fulfill" : {
    "transaction" : "quick_fulfill",
    "sampleCount" : 1,
    "errorCount" : 0,
    "errorPct" : 0.0,
    "meanResTime" : 137150.0,
    "medianResTime" : 137150.0,
    "minResTime" : 137150.0,
    "maxResTime" : 137150.0,
    "pct1ResTime" : 137150.0,
    "pct2ResTime" : 137150.0,
    "pct3ResTime" : 137150.0,
    "throughput" : 0.007291286912139992,
    "receivedKBytesPerSec" : 1.1069440963361283,
    "sentKBytesPerSec" : 0.010452743346700693
  },
  "login" : {
    "transaction" : "login",
    "sampleCount" : 1,
    "errorCount" : 0,
    "errorPct" : 0.0,
    "meanResTime" : 999.0,
    "medianResTime" : 999.0,
    "minResTime" : 999.0,
    "maxResTime" : 999.0,
    "pct1ResTime" : 999.0,
    "pct2ResTime" : 999.0,
    "pct3ResTime" : 999.0,
    "throughput" : 1.001001001001001,
    "receivedKBytesPerSec" : 5.60521458958959,
    "sentKBytesPerSec" : 0.5630630630630631
  },
  "add_so" : {
    "transaction" : "add_so",
    "sampleCount" : 1,
    "errorCount" : 0,
    "errorPct" : 0.0,
    "meanResTime" : 139764.0,
    "medianResTime" : 139764.0,
    "minResTime" : 139764.0,
    "maxResTime" : 139764.0,
    "pct1ResTime" : 139764.0,
    "pct2ResTime" : 139764.0,
    "pct3ResTime" : 139764.0,
    "throughput" : 0.007154918290833119,
    "receivedKBytesPerSec" : 6.72627999252311,
    "sentKBytesPerSec" : 0.10002212434890242
  },
  "https://api.fishbowlonline.com/v1/sales_orders?quickSearchValue=&quickSearchColumns=number,salesOrderStatus,customer.name,representative.firstName,location.name&expand=customer,representative,location,salesOrderItems,%20salesOrderBundleItems,%20salesOrderBundleItems.salesOrderItems,%20salesOrderBundleItems.salesOrderItems.saleItem&pageNumber=1&pageSize=25&orderBy=number&ascending=false" : {
    "transaction" : "https://api.fishbowlonline.com/v1/sales_orders?quickSearchValue=&quickSearchColumns=number,salesOrderStatus,customer.name,representative.firstName,location.name&expand=customer,representative,location,salesOrderItems,%20salesOrderBundleItems,%20salesOrderBundleItems.salesOrderItems,%20salesOrderBundleItems.salesOrderItems.saleItem&pageNumber=1&pageSize=25&orderBy=number&ascending=false",
    "sampleCount" : 1,
    "errorCount" : 0,
    "errorPct" : 0.0,
    "meanResTime" : 1101.0,
    "medianResTime" : 1101.0,
    "minResTime" : 1101.0,
    "maxResTime" : 1101.0,
    "pct1ResTime" : 1101.0,
    "pct2ResTime" : 1101.0,
    "pct3ResTime" : 1101.0,
    "throughput" : 0.9082652134423251,
    "receivedKBytesPerSec" : 580.5553190281562,
    "sentKBytesPerSec" : 0.9996239214350591
  }
}