timeStamp,elapsed,label,responseCode,responseMessage,threadName,dataType,success,failureMessage,bytes,sentBytes,grpThreads,allThreads,URL,Latency,IdleTime,Connect
1691668366067,806,https://api.fishbowlonline.com/v1/auth/authenticate,200,,Thread Group 1-1,text,true,,5734,575,1,1,https://api.fishbowlonline.com/v1/auth/authenticate,806,0,497
1691668366067,806,Login,200,"Number of samples in transaction : 1, number of failing samples : 0",Thread Group 1-1,,true,,5734,575,1,1,null,806,0,497
1691668366873,200,sales_order_settings? ,200,,Thread Group 1-1,text,true,,1212,794,1,1,https://api.fishbowlonline.com/v1/sales_order_settings?expand=salesTax,200,0,0
1691668367074,540,"https://api.fishbowlonline.com/v1/sales_orders?expand=salesOrderItems.saleItem.images,customer.customerAddresses.customerAddressContacts,salesTax,payments,exchangeCurrency,salesOrderItems.saleItem.item.itemTrackingTypes,salesOrderItems.saleItem.item.tags,salesOrderItems.saleItem.item.defaultUom.toConversions,salesOrderItems.saleItem.item.defaultUom.fromConversions,salesOrderItems.saleItem.defaultUom.fromConversions,salesOrderItems.saleItem.defaultUom.toConversions,salesOrderBundleItems.item.images,salesOrderBundleItems.salesOrderItems.saleItem.defaultUom,salesOrderBundleItems.salesOrderItems.saleItem.images",201,,Thread Group 1-1,text,true,,20401,3582,1,1,"https://api.fishbowlonline.com/v1/sales_orders?expand=salesOrderItems.saleItem.images,customer.customerAddresses.customerAddressContacts,salesTax,payments,exchangeCurrency,salesOrderItems.saleItem.item.itemTrackingTypes,salesOrderItems.saleItem.item.tags,salesOrderItems.saleItem.item.defaultUom.toConversions,salesOrderItems.saleItem.item.defaultUom.fromConversions,salesOrderItems.saleItem.defaultUom.fromConversions,salesOrderItems.saleItem.defaultUom.toConversions,salesOrderBundleItems.item.images,salesOrderBundleItems.salesOrderItems.saleItem.defaultUom,salesOrderBundleItems.salesOrderItems.saleItem.images",379,0,0
1691668367615,686,"https://api.fishbowlonline.com/v1/sales_orders/347/issue?expand=salesOrderItems.saleItem.images,customer.customerAddresses.customerAddressContacts,salesTax,payments,exchangeCurrency,salesOrderItems.saleItem.item.itemTrackingTypes,salesOrderItems.saleItem.item.tags,salesOrderItems.saleItem.item.defaultUom.toConversions,salesOrderItems.saleItem.item.defaultUom.fromConversions,salesOrderItems.saleItem.defaultUom.fromConversions,salesOrderItems.saleItem.defaultUom.toConversions,salesOrderBundleItems.item.images,salesOrderBundleItems.salesOrderItems.saleItem.defaultUom,salesOrderBundleItems.salesOrderItems.saleItem.images",200,,Thread Group 1-1,text,true,,23263,1459,1,1,https://api.fishbowlonline.com/v1/sales_orders/628/issue,686,0,0
1691668368301,476,"https://api.fishbowlonline.com/v1/sales_orders/347?expand=salesOrderItems.saleItem.images,customer.customerAddresses.customerAddressContacts,salesTax,payments,exchangeCurrency,salesOrderItems.saleItem.item.itemTrackingTypes,salesOrderItems.saleItem.item.tags,salesOrderItems.saleItem.item.defaultUom.toConversions,salesOrderItems.saleItem.item.defaultUom.fromConversions,salesOrderItems.saleItem.defaultUom.fromConversions,salesOrderItems.saleItem.defaultUom.toConversions,salesOrderBundleItems.item.images,salesOrderBundleItems.salesOrderItems.saleItem.defaultUom,salesOrderBundleItems.salesOrderItems.saleItem.images",200,,Thread Group 1-1,text,true,,23256,1368,1,1,https://api.fishbowlonline.com/v1/sales_orders/628?expand=salesOrderItems.saleItem.images%2Ccustomer.customerAddresses.customerAddressContacts%2CsalesTax%2Cpayments%2CexchangeCurrency%2CsalesOrderItems.saleItem.item.itemTrackingTypes%2CsalesOrderItems.saleItem.item.tags%2CsalesOrderItems.saleItem.item.defaultUom.toConversions%2CsalesOrderItems.saleItem.item.defaultUom.fromConversions%2CsalesOrderItems.saleItem.defaultUom.fromConversions%2CsalesOrderItems.saleItem.defaultUom.toConversions%2CsalesOrderBundleItems.item.images%2CsalesOrderBundleItems.salesOrderItems.saleItem.defaultUom%2CsalesOrderBundleItems.salesOrderItems.saleItem.images,476,0,0
1691668366873,1902,add_so,200,"Number of samples in transaction : 4, number of failing samples : 0",Thread Group 1-1,,true,,68132,7203,1,1,null,1741,2,0
