{
  "receipts" : {
    "transaction" : "receipts",
    "sampleCount" : 1,
    "errorCount" : 0,
    "errorPct" : 0.0,
    "meanResTime" : 2717.0,
    "medianResTime" : 2717.0,
    "minResTime" : 2717.0,
    "maxResTime" : 2717.0,
    "pct1ResTime" : 2717.0,
    "pct2ResTime" : 2717.0,
    "pct3ResTime" : 2717.0,
    "throughput" : 0.368052999631947,
    "receivedKBytesPerSec" : 199.60980631210893,
    "sentKBytesPerSec" : 0.3367828717335296
  },
  "https://api.fishbowlonline.com/v1/receipts?expand=salesOrder.customer,purchaseOrder.vendor&quickSearchValue=&quickSearchColumns=number,status&status=Open&pageNumber=1&pageSize=25&orderBy=number&ascending=false" : {
    "transaction" : "https://api.fishbowlonline.com/v1/receipts?expand=salesOrder.customer,purchaseOrder.vendor&quickSearchValue=&quickSearchColumns=number,status&status=Open&pageNumber=1&pageSize=25&orderBy=number&ascending=false",
    "sampleCount" : 1,
    "errorCount" : 0,
    "errorPct" : 0.0,
    "meanResTime" : 2236.0,
    "medianResTime" : 2236.0,
    "minResTime" : 2236.0,
    "maxResTime" : 2236.0,
    "pct1ResTime" : 2236.0,
    "pct2ResTime" : 2236.0,
    "pct3ResTime" : 2236.0,
    "throughput" : 0.4472271914132379,
    "receivedKBytesPerSec" : 235.48302283653845,
    "sentKBytesPerSec" : 0.40923034995527724
  },
  "receive" : {
    "transaction" : "receive",
    "sampleCount" : 1,
    "errorCount" : 0,
    "errorPct" : 0.0,
    "meanResTime" : 1795.0,
    "medianResTime" : 1795.0,
    "minResTime" : 1795.0,
    "maxResTime" : 1795.0,
    "pct1ResTime" : 1795.0,
    "pct2ResTime" : 1795.0,
    "pct3ResTime" : 1795.0,
    "throughput" : 0.5571030640668524,
    "receivedKBytesPerSec" : 29.76312238857939,
    "sentKBytesPerSec" : 0.822053447075209
  },
  "https://api.fishbowlonline.com/v1/auth/authenticate" : {
    "transaction" : "https://api.fishbowlonline.com/v1/auth/authenticate",
    "sampleCount" : 1,
    "errorCount" : 0,
    "errorPct" : 0.0,
    "meanResTime" : 1165.0,
    "medianResTime" : 1165.0,
    "minResTime" : 1165.0,
    "maxResTime" : 1165.0,
    "pct1ResTime" : 1165.0,
    "pct2ResTime" : 1165.0,
    "pct3ResTime" : 1165.0,
    "throughput" : 0.8583690987124463,
    "receivedKBytesPerSec" : 4.806531652360515,
    "sentKBytesPerSec" : 0.4819943669527897
  },
  "Total" : {
    "transaction" : "Total",
    "sampleCount" : 6,
    "errorCount" : 0,
    "errorPct" : 0.0,
    "meanResTime" : 1572.8333333333335,
    "medianResTime" : 1480.0,
    "minResTime" : 399.0,
    "maxResTime" : 2717.0,
    "pct1ResTime" : 2717.0,
    "pct2ResTime" : 2717.0,
    "pct3ResTime" : 2717.0,
    "throughput" : 0.6350550381033022,
    "receivedKBytesPerSec" : 130.71766594120447,
    "sentKBytesPerSec" : 3.610738549163844
  },
  "https://api.fishbowlonline.com/v1/receipts/42?expand=purchaseOrder,purchaseOrder.fobPoint,receiptItems.purchaseOrderItem,receiptItems.location,receiptItems.item.images,receiptItems.item.itemUomConversions,receiptItems.uom.fromConversions,receiptItems.uom.toConversions,receiptItems.item.itemTrackingTypes.trackingType,receiptItems.item.itemLocations,salesOrder,salesOrder.exchangeCurrency" : {
    "transaction" : "https://api.fishbowlonline.com/v1/receipts/42?expand=purchaseOrder,purchaseOrder.fobPoint,receiptItems.purchaseOrderItem,receiptItems.location,receiptItems.item.images,receiptItems.item.itemUomConversions,receiptItems.uom.fromConversions,receiptItems.uom.toConversions,receiptItems.item.itemTrackingTypes.trackingType,receiptItems.item.itemLocations,salesOrder,salesOrder.exchangeCurrency",
    "sampleCount" : 1,
    "errorCount" : 0,
    "errorPct" : 0.0,
    "meanResTime" : 399.0,
    "medianResTime" : 399.0,
    "minResTime" : 399.0,
    "maxResTime" : 399.0,
    "pct1ResTime" : 399.0,
    "pct2ResTime" : 399.0,
    "pct3ResTime" : 399.0,
    "throughput" : 2.506265664160401,
    "receivedKBytesPerSec" : 133.7499020989975,
    "sentKBytesPerSec" : 2.7754934210526314
  },
  "po_recieving" : {
    "transaction" : "po_recieving",
    "sampleCount" : 1,
    "errorCount" : 0,
    "errorPct" : 0.0,
    "meanResTime" : 8272.0,
    "medianResTime" : 8272.0,
    "minResTime" : 8272.0,
    "maxResTime" : 8272.0,
    "pct1ResTime" : 8272.0,
    "pct2ResTime" : 8272.0,
    "pct3ResTime" : 8272.0,
    "throughput" : 0.12088974854932302,
    "receivedKBytesPerSec" : 148.62438327339217,
    "sentKBytesPerSec" : 4.056181621735977
  },
  " fulfill" : {
    "transaction" : " fulfill",
    "sampleCount" : 1,
    "errorCount" : 0,
    "errorPct" : 0.0,
    "meanResTime" : 1125.0,
    "medianResTime" : 1125.0,
    "minResTime" : 1125.0,
    "maxResTime" : 1125.0,
    "pct1ResTime" : 1125.0,
    "pct2ResTime" : 1125.0,
    "pct3ResTime" : 1125.0,
    "throughput" : 0.888888888888889,
    "receivedKBytesPerSec" : 47.77777777777778,
    "sentKBytesPerSec" : 25.90190972222222
  },
  "Login" : {
    "transaction" : "Login",
    "sampleCount" : 1,
    "errorCount" : 0,
    "errorPct" : 0.0,
    "meanResTime" : 1165.0,
    "medianResTime" : 1165.0,
    "minResTime" : 1165.0,
    "maxResTime" : 1165.0,
    "pct1ResTime" : 1165.0,
    "pct2ResTime" : 1165.0,
    "pct3ResTime" : 1165.0,
    "throughput" : 0.8583690987124463,
    "receivedKBytesPerSec" : 4.806531652360515,
    "sentKBytesPerSec" : 0.4819943669527897
  }
}