{
  "https://api.fishbowlonline.com/v1/auth/authenticate" : {
    "transaction" : "https://api.fishbowlonline.com/v1/auth/authenticate",
    "sampleCount" : 1,
    "errorCount" : 0,
    "errorPct" : 0.0,
    "meanResTime" : 1992.0,
    "medianResTime" : 1992.0,
    "minResTime" : 1992.0,
    "maxResTime" : 1992.0,
    "pct1ResTime" : 1992.0,
    "pct2ResTime" : 1992.0,
    "pct3ResTime" : 1992.0,
    "throughput" : 0.502008032128514,
    "receivedKBytesPerSec" : 2.8110488830321287,
    "sentKBytesPerSec" : 0.28188927585341367
  },
  "https://api.fishbowlonline.com/v1/sales_orders?expand=salesOrderItems.saleItem.images,customer.customerAddresses.customerAddressContacts,salesTax,payments,exchangeCurrency,salesOrderItems.saleItem.item.itemTrackingTypes,salesOrderItems.saleItem.item.tags,salesOrderItems.saleItem.item.defaultUom.toConversions,salesOrderItems.saleItem.item.defaultUom.fromConversions,salesOrderItems.saleItem.defaultUom.fromConversions,salesOrderItems.saleItem.defaultUom.toConversions,salesOrderBundleItems.item.images,salesOrderBundleItems.salesOrderItems.saleItem.defaultUom,salesOrderBundleItems.salesOrderItems.saleItem.images" : {
    "transaction" : "https://api.fishbowlonline.com/v1/sales_orders?expand=salesOrderItems.saleItem.images,customer.customerAddresses.customerAddressContacts,salesTax,payments,exchangeCurrency,salesOrderItems.saleItem.item.itemTrackingTypes,salesOrderItems.saleItem.item.tags,salesOrderItems.saleItem.item.defaultUom.toConversions,salesOrderItems.saleItem.item.defaultUom.fromConversions,salesOrderItems.saleItem.defaultUom.fromConversions,salesOrderItems.saleItem.defaultUom.toConversions,salesOrderBundleItems.item.images,salesOrderBundleItems.salesOrderItems.saleItem.defaultUom,salesOrderBundleItems.salesOrderItems.saleItem.images",
    "sampleCount" : 1,
    "errorCount" : 0,
    "errorPct" : 0.0,
    "meanResTime" : 898.0,
    "medianResTime" : 898.0,
    "minResTime" : 898.0,
    "maxResTime" : 898.0,
    "pct1ResTime" : 898.0,
    "pct2ResTime" : 898.0,
    "pct3ResTime" : 898.0,
    "throughput" : 1.1135857461024499,
    "receivedKBytesPerSec" : 22.18580352171492,
    "sentKBytesPerSec" : 3.8953751391982183
  },
  "Total" : {
    "transaction" : "Total",
    "sampleCount" : 5,
    "errorCount" : 0,
    "errorPct" : 0.0,
    "meanResTime" : 919.6,
    "medianResTime" : 802.0,
    "minResTime" : 265.0,
    "maxResTime" : 1992.0,
    "pct1ResTime" : 1992.0,
    "pct2ResTime" : 1992.0,
    "pct3ResTime" : 1992.0,
    "throughput" : 1.0864841373315948,
    "receivedKBytesPerSec" : 15.67614114787049,
    "sentKBytesPerSec" : 1.6505221914385049
  },
  "sales_order_settings? " : {
    "transaction" : "sales_order_settings? ",
    "sampleCount" : 1,
    "errorCount" : 0,
    "errorPct" : 0.0,
    "meanResTime" : 265.0,
    "medianResTime" : 265.0,
    "minResTime" : 265.0,
    "maxResTime" : 265.0,
    "pct1ResTime" : 265.0,
    "pct2ResTime" : 265.0,
    "pct3ResTime" : 265.0,
    "throughput" : 3.7735849056603774,
    "receivedKBytesPerSec" : 4.466391509433962,
    "sentKBytesPerSec" : 2.9260023584905657
  },
  "https://api.fishbowlonline.com/v1/sales_orders/347/issue?expand=salesOrderItems.saleItem.images,customer.customerAddresses.customerAddressContacts,salesTax,payments,exchangeCurrency,salesOrderItems.saleItem.item.itemTrackingTypes,salesOrderItems.saleItem.item.tags,salesOrderItems.saleItem.item.defaultUom.toConversions,salesOrderItems.saleItem.item.defaultUom.fromConversions,salesOrderItems.saleItem.defaultUom.fromConversions,salesOrderItems.saleItem.defaultUom.toConversions,salesOrderBundleItems.item.images,salesOrderBundleItems.salesOrderItems.saleItem.defaultUom,salesOrderBundleItems.salesOrderItems.saleItem.images" : {
    "transaction" : "https://api.fishbowlonline.com/v1/sales_orders/347/issue?expand=salesOrderItems.saleItem.images,customer.customerAddresses.customerAddressContacts,salesTax,payments,exchangeCurrency,salesOrderItems.saleItem.item.itemTrackingTypes,salesOrderItems.saleItem.item.tags,salesOrderItems.saleItem.item.defaultUom.toConversions,salesOrderItems.saleItem.item.defaultUom.fromConversions,salesOrderItems.saleItem.defaultUom.fromConversions,salesOrderItems.saleItem.defaultUom.toConversions,salesOrderBundleItems.item.images,salesOrderBundleItems.salesOrderItems.saleItem.defaultUom,salesOrderBundleItems.salesOrderItems.saleItem.images",
    "sampleCount" : 1,
    "errorCount" : 0,
    "errorPct" : 0.0,
    "meanResTime" : 802.0,
    "medianResTime" : 802.0,
    "minResTime" : 802.0,
    "maxResTime" : 802.0,
    "pct1ResTime" : 802.0,
    "pct2ResTime" : 802.0,
    "pct3ResTime" : 802.0,
    "throughput" : 1.2468827930174564,
    "receivedKBytesPerSec" : 28.32640079488778,
    "sentKBytesPerSec" : 1.7765644482543639
  },
  "Login" : {
    "transaction" : "Login",
    "sampleCount" : 1,
    "errorCount" : 0,
    "errorPct" : 0.0,
    "meanResTime" : 1992.0,
    "medianResTime" : 1992.0,
    "minResTime" : 1992.0,
    "maxResTime" : 1992.0,
    "pct1ResTime" : 1992.0,
    "pct2ResTime" : 1992.0,
    "pct3ResTime" : 1992.0,
    "throughput" : 0.502008032128514,
    "receivedKBytesPerSec" : 2.8110488830321287,
    "sentKBytesPerSec" : 0.28188927585341367
  },
  "add_so" : {
    "transaction" : "add_so",
    "sampleCount" : 1,
    "errorCount" : 0,
    "errorPct" : 0.0,
    "meanResTime" : 2606.0,
    "medianResTime" : 2606.0,
    "minResTime" : 2606.0,
    "maxResTime" : 2606.0,
    "pct1ResTime" : 2606.0,
    "pct2ResTime" : 2606.0,
    "pct3ResTime" : 2606.0,
    "throughput" : 0.3837298541826554,
    "receivedKBytesPerSec" : 25.53414895913277,
    "sentKBytesPerSec" : 2.6992247457789715
  },
  "https://api.fishbowlonline.com/v1/sales_orders/347?expand=salesOrderItems.saleItem.images,customer.customerAddresses.customerAddressContacts,salesTax,payments,exchangeCurrency,salesOrderItems.saleItem.item.itemTrackingTypes,salesOrderItems.saleItem.item.tags,salesOrderItems.saleItem.item.defaultUom.toConversions,salesOrderItems.saleItem.item.defaultUom.fromConversions,salesOrderItems.saleItem.defaultUom.fromConversions,salesOrderItems.saleItem.defaultUom.toConversions,salesOrderBundleItems.item.images,salesOrderBundleItems.salesOrderItems.saleItem.defaultUom,salesOrderBundleItems.salesOrderItems.saleItem.images" : {
    "transaction" : "https://api.fishbowlonline.com/v1/sales_orders/347?expand=salesOrderItems.saleItem.images,customer.customerAddresses.customerAddressContacts,salesTax,payments,exchangeCurrency,salesOrderItems.saleItem.item.itemTrackingTypes,salesOrderItems.saleItem.item.tags,salesOrderItems.saleItem.item.defaultUom.toConversions,salesOrderItems.saleItem.item.defaultUom.fromConversions,salesOrderItems.saleItem.defaultUom.fromConversions,salesOrderItems.saleItem.defaultUom.toConversions,salesOrderBundleItems.item.images,salesOrderBundleItems.salesOrderItems.saleItem.defaultUom,salesOrderBundleItems.salesOrderItems.saleItem.images",
    "sampleCount" : 1,
    "errorCount" : 0,
    "errorPct" : 0.0,
    "meanResTime" : 641.0,
    "medianResTime" : 641.0,
    "minResTime" : 641.0,
    "maxResTime" : 641.0,
    "pct1ResTime" : 641.0,
    "pct2ResTime" : 641.0,
    "pct3ResTime" : 641.0,
    "throughput" : 1.5600624024960998,
    "receivedKBytesPerSec" : 35.44114420826833,
    "sentKBytesPerSec" : 2.0841458658346332
  }
}