timeStamp,elapsed,label,responseCode,responseMessage,threadName,dataType,success,failureMessage,bytes,sentBytes,grpThreads,allThreads,URL,Latency,IdleTime,Connect
1691596198060,7555,https://api.fishbowlonline.com/v1/auth/authenticate,200,,Thread Group 1-1,text,true,,5734,575,1,1,https://api.fishbowlonline.com/v1/auth/authenticate,7555,0,7142
1691596198058,7555,Login,200,"Number of samples in transaction : 1, number of failing samples : 0",Thread Group 1-1,,true,,5734,575,1,1,null,7555,2,7142
1691596205615,24719,ships,200,,Thread Group 1-1,text,true,,1118032,1106,1,1,https://api.fishbowlonline.com/v1/ships?quickSearchValue=&expand=carrier%2CshipCartons%2CshipItems.item.images%2CshipItems.item.itemTrackingTypes.trackingType%2CshipItems.uom%2CsalesOrder.customer.customerAddresses%2CorderPriority&quickSearchColumns=number%2Cstatus%2CorderPriority.name%2CshipToName%2Ccarrier.name&pageNumber=1&pageSize=25&orderBy=number&ascending=false&status=Open,538,0,0
1691596230348,162142,"https://api.fishbowlonline.com/v1/ships/320?expand=carrier,shipBundleItems,shipBundleItems.shipItems,shipBundleItems.shipItems.item.images,shipBundleItems.shipItems.item.itemTrackingTypes,shipBundleItems.shipItems.uom,carrierService,shipCartons,shipItems,shipItems.item.images,shipItems.item.itemTrackingTypes,shipItems.salesOrderItem.saleItem,shipItems.uom,salesOrder.customer.customerAddresses,salesOrder.customer.carrierAccountSettings,salesOrder.salesOrderItems.saleItem,salesOrder.paymentTerm,salesOrder.representative,salesOrder.location.address",Non HTTP response code: org.apache.http.ConnectionClosedException,Non HTTP response message: Premature end of chunk coded message body: closing chunk expected,Thread Group 1-1,text,false,,1481,0,1,1,https://api.fishbowlonline.com/v1/ships/514?expand=carrier%2CshipBundleItems%2CshipBundleItems.shipItems%2CshipBundleItems.shipItems.item.images%2CshipBundleItems.shipItems.item.itemTrackingTypes%2CshipBundleItems.shipItems.uom%2CcarrierService%2CshipCartons%2CshipItems%2CshipItems.item.images%2CshipItems.item.itemTrackingTypes%2CshipItems.salesOrderItem.saleItem%2CshipItems.uom%2CsalesOrder.customer.customerAddresses%2CsalesOrder.customer.carrierAccountSettings%2CsalesOrder.salesOrderItems.saleItem%2CsalesOrder.paymentTerm%2CsalesOrder.representative%2CsalesOrder.location.address,752,0,0
1691596392491,14948,"https://api.fishbowlonline.com/v1/ships?expand=carrier,shipBundleItems,shipBundleItems.shipItems,shipBundleItems.shipItems.item.images,shipBundleItems.shipItems.item.itemTrackingTypes,shipBundleItems.shipItems.uom,carrierService,shipCartons,shipItems,shipItems.item.images,shipItems.item.itemTrackingTypes,shipItems.salesOrderItem.saleItem,shipItems.uom,salesOrder.customer.customerAddresses,salesOrder.customer.carrierAccountSettings,salesOrder.salesOrderItems.saleItem,salesOrder.paymentTerm,salesOrder.representative,salesOrder.location.address",200,,Thread Group 1-1,text,true,,13451395,2205,1,1,"https://api.fishbowlonline.com/v1/ships?expand=carrier,shipBundleItems,shipBundleItems.shipItems,shipBundleItems.shipItems.item.images,shipBundleItems.shipItems.item.itemTrackingTypes,shipBundleItems.shipItems.uom,carrierService,shipCartons,shipItems,shipItems.item.images,shipItems.item.itemTrackingTypes,shipItems.salesOrderItem.saleItem,shipItems.uom,salesOrder.customer.customerAddresses,salesOrder.customer.carrierAccountSettings,salesOrder.salesOrderItems.saleItem,salesOrder.paymentTerm,salesOrder.representative,salesOrder.location.address",1123,0,396
1691596407442,321,pack,200,,Thread Group 1-1,text,true,,5506,856,1,1,https://api.fishbowlonline.com/v1/ships/514/pack,321,0,0
1691596407764,839,"https://api.fishbowlonline.com/v1/ships/320?expand=carrier,shipBundleItems,shipBundleItems.shipItems,shipBundleItems.shipItems.item.images,shipBundleItems.shipItems.item.itemTrackingTypes,shipBundleItems.shipItems.uom,carrierService,shipCartons,shipItems,shipItems.item.images,shipItems.item.itemTrackingTypes,shipItems.salesOrderItem.saleItem,shipItems.uom,salesOrder.customer.customerAddresses,salesOrder.customer.carrierAccountSettings,salesOrder.salesOrderItems.saleItem,salesOrder.paymentTerm,salesOrder.representative,salesOrder.location.address",Non HTTP response code: java.net.SocketException,Non HTTP response message: Socket closed,Thread Group 1-1,text,false,,2767,0,1,1,https://api.fishbowlonline.com/v1/ships/514?expand=carrier%2CshipBundleItems%2CshipBundleItems.shipItems%2CshipBundleItems.shipItems.item.images%2CshipBundleItems.shipItems.item.itemTrackingTypes%2CshipBundleItems.shipItems.uom%2CcarrierService%2CshipCartons%2CshipItems%2CshipItems.item.images%2CshipItems.item.itemTrackingTypes%2CshipItems.salesOrderItem.saleItem%2CshipItems.uom%2CsalesOrder.customer.customerAddresses%2CsalesOrder.customer.carrierAccountSettings%2CsalesOrder.salesOrderItems.saleItem%2CsalesOrder.paymentTerm%2CsalesOrder.representative%2CsalesOrder.location.address,441,0,0
