{
  "https://api.fishbowlonline.com/v1/auth/authenticate" : {
    "transaction" : "https://api.fishbowlonline.com/v1/auth/authenticate",
    "sampleCount" : 1,
    "errorCount" : 0,
    "errorPct" : 0.0,
    "meanResTime" : 1117.0,
    "medianResTime" : 1117.0,
    "minResTime" : 1117.0,
    "maxResTime" : 1117.0,
    "pct1ResTime" : 1117.0,
    "pct2ResTime" : 1117.0,
    "pct3ResTime" : 1117.0,
    "throughput" : 0.8952551477170994,
    "receivedKBytesPerSec" : 5.013079118173679,
    "sentKBytesPerSec" : 0.5027067479856759
  },
  "Picking" : {
    "transaction" : "Picking",
    "sampleCount" : 1,
    "errorCount" : 0,
    "errorPct" : 0.0,
    "meanResTime" : 9743.0,
    "medianResTime" : 9743.0,
    "minResTime" : 9743.0,
    "maxResTime" : 9743.0,
    "pct1ResTime" : 9743.0,
    "pct2ResTime" : 9743.0,
    "pct3ResTime" : 9743.0,
    "throughput" : 0.10263779123473263,
    "receivedKBytesPerSec" : 154.81387278045776,
    "sentKBytesPerSec" : 0.9092064495022066
  },
  "Total" : {
    "transaction" : "Total",
    "sampleCount" : 6,
    "errorCount" : 0,
    "errorPct" : 0.0,
    "meanResTime" : 1810.0,
    "medianResTime" : 1342.5,
    "minResTime" : 620.0,
    "maxResTime" : 3651.0,
    "pct1ResTime" : 3651.0,
    "pct2ResTime" : 3651.0,
    "pct3ResTime" : 3651.0,
    "throughput" : 0.551774875850653,
    "receivedKBytesPerSec" : 139.22670331754642,
    "sentKBytesPerSec" : 0.8662793705168291
  },
  "start" : {
    "transaction" : "start",
    "sampleCount" : 1,
    "errorCount" : 0,
    "errorPct" : 0.0,
    "meanResTime" : 750.0,
    "medianResTime" : 750.0,
    "minResTime" : 750.0,
    "maxResTime" : 750.0,
    "pct1ResTime" : 750.0,
    "pct2ResTime" : 750.0,
    "pct3ResTime" : 750.0,
    "throughput" : 1.3333333333333333,
    "receivedKBytesPerSec" : 66.57421875,
    "sentKBytesPerSec" : 2.3541666666666665
  },
  "commit" : {
    "transaction" : "commit",
    "sampleCount" : 1,
    "errorCount" : 0,
    "errorPct" : 0.0,
    "meanResTime" : 3651.0,
    "medianResTime" : 3651.0,
    "minResTime" : 3651.0,
    "maxResTime" : 3651.0,
    "pct1ResTime" : 3651.0,
    "pct2ResTime" : 3651.0,
    "pct3ResTime" : 3651.0,
    "throughput" : 0.27389756231169543,
    "receivedKBytesPerSec" : 13.689528553820871,
    "sentKBytesPerSec" : 0.5606340728567516
  },
  "picks" : {
    "transaction" : "picks",
    "sampleCount" : 1,
    "errorCount" : 0,
    "errorPct" : 0.0,
    "meanResTime" : 3154.0,
    "medianResTime" : 3154.0,
    "minResTime" : 3154.0,
    "maxResTime" : 3154.0,
    "pct1ResTime" : 3154.0,
    "pct2ResTime" : 3154.0,
    "pct3ResTime" : 3154.0,
    "throughput" : 0.31705770450221943,
    "receivedKBytesPerSec" : 414.88084327441345,
    "sentKBytesPerSec" : 0.41923450380469246
  },
  "Login" : {
    "transaction" : "Login",
    "sampleCount" : 1,
    "errorCount" : 0,
    "errorPct" : 0.0,
    "meanResTime" : 1117.0,
    "medianResTime" : 1117.0,
    "minResTime" : 1117.0,
    "maxResTime" : 1117.0,
    "pct1ResTime" : 1117.0,
    "pct2ResTime" : 1117.0,
    "pct3ResTime" : 1117.0,
    "throughput" : 0.8952551477170994,
    "receivedKBytesPerSec" : 5.013079118173679,
    "sentKBytesPerSec" : 0.5027067479856759
  },
  "Finish" : {
    "transaction" : "Finish",
    "sampleCount" : 1,
    "errorCount" : 0,
    "errorPct" : 0.0,
    "meanResTime" : 1568.0,
    "medianResTime" : 1568.0,
    "minResTime" : 1568.0,
    "maxResTime" : 1568.0,
    "pct1ResTime" : 1568.0,
    "pct2ResTime" : 1568.0,
    "pct3ResTime" : 1568.0,
    "throughput" : 0.6377551020408163,
    "receivedKBytesPerSec" : 31.925746372767858,
    "sentKBytesPerSec" : 1.305404974489796
  },
  "https://api.fishbowlonline.com/v1/picks/345?expand=pickItems.salesOrderItem.saleItem.images,pickItems.pickFromLocation,pickItems.pickToLocation,pickItems.item.images,pickItems.workOrderItem,pickItems.item.itemTrackingTypes.trackingType,pickItems.salesOrderItem.saleItem,pickItems.item.tags,pickItems.salesOrderItem.salesOrder.representative,pickItems.salesOrderItem.salesOrder.customer,pickItems.salesOrderItem.salesOrder.paymentTerm,pickBundleItems.pickItems.salesOrderItem.saleItem.images,pickBundleItems.pickItems.pickFromLocation,pickBundleItems.pickItems.item.images,pickBundleItems.pickItems.item.defaultUom,pickBundleItems.pickItems.item.tags,pickBundleItems.pickItems.item.itemTrackingTypes.trackingType,pickBundleItems.pickItems.salesOrderItem.saleItem,pickBundleItems.pickItems.salesOrderItem.salesOrder.representative,pickBundleItems.pickItems.salesOrderItem.salesOrder.customer,pickBundleItems.pickItems.salesOrderItem.salesOrder.paymentTerm" : {
    "transaction" : "https://api.fishbowlonline.com/v1/picks/345?expand=pickItems.salesOrderItem.saleItem.images,pickItems.pickFromLocation,pickItems.pickToLocation,pickItems.item.images,pickItems.workOrderItem,pickItems.item.itemTrackingTypes.trackingType,pickItems.salesOrderItem.saleItem,pickItems.item.tags,pickItems.salesOrderItem.salesOrder.representative,pickItems.salesOrderItem.salesOrder.customer,pickItems.salesOrderItem.salesOrder.paymentTerm,pickBundleItems.pickItems.salesOrderItem.saleItem.images,pickBundleItems.pickItems.pickFromLocation,pickBundleItems.pickItems.item.images,pickBundleItems.pickItems.item.defaultUom,pickBundleItems.pickItems.item.tags,pickBundleItems.pickItems.item.itemTrackingTypes.trackingType,pickBundleItems.pickItems.salesOrderItem.saleItem,pickBundleItems.pickItems.salesOrderItem.salesOrder.representative,pickBundleItems.pickItems.salesOrderItem.salesOrder.customer,pickBundleItems.pickItems.salesOrderItem.salesOrder.paymentTerm",
    "sampleCount" : 1,
    "errorCount" : 0,
    "errorPct" : 0.0,
    "meanResTime" : 620.0,
    "medianResTime" : 620.0,
    "minResTime" : 620.0,
    "maxResTime" : 620.0,
    "pct1ResTime" : 620.0,
    "pct2ResTime" : 620.0,
    "pct3ResTime" : 620.0,
    "throughput" : 1.6129032258064515,
    "receivedKBytesPerSec" : 80.39787046370968,
    "sentKBytesPerSec" : 2.7044480846774195
  }
}