timeStamp,elapsed,label,responseCode,responseMessage,threadName,dataType,success,failureMessage,bytes,sentBytes,grpThreads,allThreads,URL,Latency,IdleTime,Connect
1691664728581,943,https://api.fishbowlonline.com/v1/auth/authenticate,200,,Thread Group 1-1,text,true,,5734,575,1,1,https://api.fishbowlonline.com/v1/auth/authenticate,943,0,627
1691664728581,943,Login,200,"Number of samples in transaction : 1, number of failing samples : 0",Thread Group 1-1,,true,,5734,575,1,1,null,943,1,627
1691664729525,205,sales_order_settings ,200,,Thread Group 1-1,text,true,,1212,794,1,1,https://api.fishbowlonline.com/v1/sales_order_settings?expand=salesTax,205,0,0
1691664729731,3688,sales_orders,200,,Thread Group 1-1,text,true,,516747,1126,1,1,https://api.fishbowlonline.com/v1/sales_orders?quickSearchValue=&expand=customer%2Crepresentative%2Clocation%2CsalesOrderItems%2C+salesOrderBundleItems%2C+salesOrderBundleItems.salesOrderItems%2C+salesOrderBundleItems.salesOrderItems.saleItem&quickSearchColumns=number%2CsalesOrderStatus%2Ccustomer.name%2Crepresentative.firstName%2Clocation.name&pageNumber=1&pageSize=25&orderBy=number&ascending=false,258,0,0
1691664733421,329,"https://api.fishbowlonline.com/v1/sales_orders?expand=salesOrderItems.saleItem.images,customer.customerAddresses.customerAddressContacts,salesTax,payments,exchangeCurrency,salesOrderItems.saleItem.item.itemTrackingTypes,salesOrderItems.saleItem.item.tags,salesOrderItems.saleItem.item.defaultUom.toConversions,salesOrderItems.saleItem.item.defaultUom.fromConversions,salesOrderItems.saleItem.defaultUom.fromConversions,salesOrderItems.saleItem.defaultUom.toConversions,salesOrderBundleItems.item.images,salesOrderBundleItems.salesOrderItems.saleItem.defaultUom,salesOrderBundleItems.salesOrderItems.saleItem.images",201,,Thread Group 1-1,text,true,,20415,3586,1,1,"https://api.fishbowlonline.com/v1/sales_orders?expand=salesOrderItems.saleItem.images,customer.customerAddresses.customerAddressContacts,salesTax,payments,exchangeCurrency,salesOrderItems.saleItem.item.itemTrackingTypes,salesOrderItems.saleItem.item.tags,salesOrderItems.saleItem.item.defaultUom.toConversions,salesOrderItems.saleItem.item.defaultUom.fromConversions,salesOrderItems.saleItem.defaultUom.fromConversions,salesOrderItems.saleItem.defaultUom.toConversions,salesOrderBundleItems.item.images,salesOrderBundleItems.salesOrderItems.saleItem.defaultUom,salesOrderBundleItems.salesOrderItems.saleItem.images",328,0,0
1691664733750,9247,quick_fulfill,200,,Thread Group 1-1,text,true,,23417,1467,1,1,https://api.fishbowlonline.com/v1/sales_orders/619/quick_fulfill,9247,0,0
1691664742998,468,"https://api.fishbowlonline.com/v1/sales_orders/255?expand=salesOrderItems.saleItem.images,customer.customerAddresses.customerAddressContacts,salesTax,payments,exchangeCurrency,salesOrderItems.saleItem.item.itemTrackingTypes,salesOrderItems.saleItem.item.tags,salesOrderItems.saleItem.item.defaultUom.toConversions,salesOrderItems.saleItem.item.defaultUom.fromConversions,salesOrderItems.saleItem.defaultUom.fromConversions,salesOrderItems.saleItem.defaultUom.toConversions,salesOrderBundleItems.item.images,salesOrderBundleItems.salesOrderItems.saleItem.defaultUom,salesOrderBundleItems.salesOrderItems.saleItem.images",200,,Thread Group 1-1,text,true,,23418,1368,1,1,https://api.fishbowlonline.com/v1/sales_orders/619?expand=salesOrderItems.saleItem.images%2Ccustomer.customerAddresses.customerAddressContacts%2CsalesTax%2Cpayments%2CexchangeCurrency%2CsalesOrderItems.saleItem.item.itemTrackingTypes%2CsalesOrderItems.saleItem.item.tags%2CsalesOrderItems.saleItem.item.defaultUom.toConversions%2CsalesOrderItems.saleItem.item.defaultUom.fromConversions%2CsalesOrderItems.saleItem.defaultUom.fromConversions%2CsalesOrderItems.saleItem.defaultUom.toConversions%2CsalesOrderBundleItems.item.images%2CsalesOrderBundleItems.salesOrderItems.saleItem.defaultUom%2CsalesOrderBundleItems.salesOrderItems.saleItem.images,468,0,0
1691664729525,13937,SO_QF,200,"Number of samples in transaction : 5, number of failing samples : 0",Thread Group 1-1,,true,,585209,8341,1,1,null,10506,4,0
