timeStamp,elapsed,label,responseCode,responseMessage,threadName,dataType,success,failureMessage,bytes,sentBytes,grpThreads,allThreads,URL,Latency,IdleTime,Connect
1691663940771,837,https://api.fishbowlonline.com/v1/auth/authenticate,200,,Thread Group 1-1,text,true,,5734,575,1,1,https://api.fishbowlonline.com/v1/auth/authenticate,837,0,524
1691663940770,837,login,200,"Number of samples in transaction : 1, number of failing samples : 0",Thread Group 1-1,,true,,5734,575,1,1,null,837,2,524
1691663941609,210,purchase_order_settings? ,200,,Thread Group 1-1,text,true,,1014,800,1,1,https://api.fishbowlonline.com/v1/purchase_order_settings?expand=purchaseTax,210,0,0
1691663941819,233,next_po_number,200,,Thread Group 1-1,text,true,,453,788,1,1,https://api.fishbowlonline.com/v1/purchase_orders/next_po_number,233,0,0
1691663942052,376,"https://api.fishbowlonline.com/v1/purchase_orders?expand=purchaseOrderItems.item.images,purchaseOrderItems.item.vendorItems,purchaseOrderItems.item.itemTrackingTypes,purchaseOrderItems.item.defaultUom.fromConversions,purchaseOrderItems.item.defaultUom.toConversions,vendor.currency",201,,Thread Group 1-1,text,true,,15732,2796,1,1,"https://api.fishbowlonline.com/v1/purchase_orders?expand=purchaseOrderItems.item.images,purchaseOrderItems.item.vendorItems,purchaseOrderItems.item.itemTrackingTypes,purchaseOrderItems.item.defaultUom.fromConversions,purchaseOrderItems.item.defaultUom.toConversions,vendor.currency",376,0,0
1691663942428,1795,"https://api.fishbowlonline.com/v1/purchase_orders?quickSearchValue=&quickSearchColumns=number,purchaseOrderStatus,vendor.name,buyer.firstName&expand=buyer,purchaseOrderItems&pageNumber=1&pageSize=25&orderBy=number&ascending=false",200,,Thread Group 1-1,text,true,,2804125,961,1,1,https://api.fishbowlonline.com/v1/purchase_orders?quickSearchValue=&expand=buyer%2CpurchaseOrderItems&quickSearchColumns=number%2CpurchaseOrderStatus%2Cvendor.name%2Cbuyer.firstName&pageNumber=1&pageSize=25&orderBy=number&ascending=false,256,0,0
1691663944234,305,issue,200,,Thread Group 1-1,text,true,,15778,1109,1,1,https://api.fishbowlonline.com/v1/purchase_orders/93/issue,305,0,0
1691663944540,239,"https://api.fishbowlonline.com/v1/purchase_orders/37?expand=purchaseOrderItems.item.images,purchaseOrderItems.item.vendorItems,purchaseOrderItems.item.itemTrackingTypes,purchaseOrderItems.item.defaultUom.fromConversions,purchaseOrderItems.item.defaultUom.toConversions,vendor.currency",200,,Thread Group 1-1,text,true,,15778,1018,1,1,https://api.fishbowlonline.com/v1/purchase_orders/93?expand=purchaseOrderItems.item.images%2CpurchaseOrderItems.item.vendorItems%2CpurchaseOrderItems.item.itemTrackingTypes%2CpurchaseOrderItems.item.defaultUom.fromConversions%2CpurchaseOrderItems.item.defaultUom.toConversions%2Cvendor.currency,239,0,0
1691663941609,3158,po,200,"Number of samples in transaction : 6, number of failing samples : 0",Thread Group 1-1,,true,,2852880,7472,1,1,null,1619,13,0
